name,code,close,rate,premium,tag,mtexp,fundfirm,listdate,index,avgamount,m1,y0,y1,y3,y5,scale
纳指ETF,513100,1.119,9991,10000,跨境，美国,0.80%,国泰基金,2013-05-15,纳斯达克100指数,56094.67,10118,14005,12270,13974,20646,85.5
酒ETF,512690,0.839,10012,10023,行业，食品饮料，酒,0.60%,鹏华基金,2019-05-06,中证酒指数,70417.6,10982,9871,10000,13711,10000,126.68
豆粕ETF,159985,2.187,10210,9998,商品，农产品,0.60%,华夏基金,2019-12-05,大商所豆粕期货价格指数,9571.45,10902,10881,13737,21805,10000,5.06
证券ETF,512880,1.053,9943,9995,行业，金融，证券,0.60%,国泰基金,2016-08-08,证券公司指数,265613.61,11831,12117,11765,8377,14852,329.09
沪深300ETF,510300,4.04,9980,10008,宽基，大盘股,0.60%,华泰柏瑞基金,2012-05-28,沪深300指数,479022.4,10445,10420,9761,8861,12942,718.71
医疗ETF,512170,0.419,10145,9974,行业，医药,0.60%,华宝基金,2019-06-17,中证医疗指数,84320.22,10121,8248,7876,5714,10000,226.83
科创50ETF,588000,1.001,9911,9997,宽基，中小盘，科创板,0.60%,华夏基金,2020-11-16,科创50指数,225781.08,9653,9980,8300,10000,10000,671.92
黄金ETF,518880,4.411,9993,10000,商品，黄金,0.60%,华安基金,2013-07-29,黄金9999指数,36983.0,10119,11066,11703,10075,16595,104.07
房地产ETF,512200,0.676,10015,10000,行业，金融，房地产,0.60%,南方基金,2017-09-25,房地产指数,42895.43,11010,9389,9441,7049,9337,44.15
恒生科技指数ETF,513180,0.593,9916,10000,跨境，香港，科技,0.65%,华夏基金,2021-05-25,恒生科技指数,204045.34,11084,10801,10589,10000,10000,185.95
中概互联网ETF,513050,1.082,10000,10000,跨境，中概股,0.85%,易方达基金,2017-01-18,中国互联网50指数,100939.05,10766,10394,10515,5523,7509,345.76
通信ETF,515880,1.168,9701,10029,行业，TMT，通信,0.60%,国泰基金,2019-09-06,通信设备指数,26789.16,9175,14192,12141,9068,10000,32.82
半导体ETF,512480,0.867,9886,9998,行业，半导体，芯片,0.60%,国联安基金,2019-06-12,半导体指数,115248.45,9676,10522,8249,7280,10000,247.29
医药ETF,512010,0.426,10143,10009,行业，医药,0.60%,易方达基金,2013-10-28,300医药指数,99829.24,10119,8912,8469,5745,10138,185.87
上证50ETF,510050,2.709,10000,10006,宽基，大盘股,0.60%,华夏基金,2005-02-23,上证50指数,243764.22,10670,10227,9812,8535,11737,576.21
光伏ETF,515790,1.155,9957,10010,主题，光伏，新兴产业,0.60%,华泰柏瑞基金,2020-12-18,光伏产业指数,49858.87,9706,8406,6826,10000,10000,164.95
标普500ETF,513500,1.529,10000,10000,跨境，美国,0.85%,博时基金,2014-01-15,标准普尔500指数,18152.83,10180,12183,11514,13906,16710,71.88
创业板ETF,159915,2.174,9986,10002,宽基，中小盘,0.60%,易方达基金,2011-12-09,创业板指,125474.55,10264,9539,8374,8182,15742,390.03
煤炭ETF,515220,2.079,9914,9989,行业，煤炭，资源,0.60%,国泰基金,2020-03-02,中证煤炭指数,9486.45,9729,9765,8974,20362,10000,38.25
创业板50ETF,159949,0.95,9989,9999,宽基，中小盘,0.60%,华安基金,2016-07-22,创业板50指数,56436.57,10349,9232,8092,8668,17790,175.15
消费ETF,159928,0.977,9980,9988,行业，消费，必选消费,0.60%,汇添富基金,2013-09-16,中证消费指数,19498.99,10551,9358,9080,8965,19119,108.93
恒生医疗ETF,513060,0.493,10165,10000,跨境，香港，医药，医疗保健,0.65%,博时基金,2021-03-29,恒生医疗保健指数,192902.66,10144,8230,8772,10000,10000,98.11
恒生科技ETF,513130,0.592,9916,10000,跨境，香港，科技,0.25%,华泰柏瑞基金,2021-06-01,恒生科技指数,175152.26,11128,10823,10534,10000,10000,91.5
恒生互联网ETF,513330,0.454,10022,10000,跨境，香港，互联网,0.65%,华夏基金,2021-02-08,恒生互联网科技业指数,221284.51,11046,9806,9660,10000,10000,289.87
养殖ETF,159865,0.703,9874,9979,行业，畜牧养殖,0.60%,国泰基金,2021-03-08,中证畜牧指数,17768.63,10115,8978,8320,10000,10000,57.95
银行ETF,512800,1.147,10035,10004,行业，金融，银行,0.60%,华宝基金,2017-08-03,中证银行指数,24992.88,10770,10640,10945,10882,12413,77.45
人工智能ETF,159819,0.87,9786,10000,主题，新兴产业，人工智能,0.20%,易方达基金,2020-09-23,CS人工智能指数,27761.36,9592,12927,11111,10000,10000,38.84
新能源车ETF,515030,1.531,9961,10012,主题，新兴产业，新能源车,0.60%,华夏基金,2020-03-04,CS新能车指数,24971.3,10092,9124,6865,13805,10000,116.5
军工ETF,512660,1.05,9962,10016,行业，军工,0.60%,国泰基金,2016-08-08,中证军工指数,32376.83,9537,9758,8537,8407,16080,103.31
纳指ETF,159941,0.843,9988,10000,跨境，美国,1.05%,广发基金,2015-07-13,纳斯达克100指数,54601.21,10096,14050,12217,13975,20000,170.26
恒生ETF,159920,1.136,9991,10000,跨境，香港,0.75%,华夏基金,2012-10-22,香港恒生指数,51562.65,10374,10125,10309,8304,7629,159.88
创新药ETF,159992,0.818,10225,9981,行业，医药,0.55%,银华基金,2020-04-10,CS创新药指数,50841.79,10012,8730,8164,5319,10000,77.31
电力ETF,159611,0.922,9882,9983,行业，电力,0.60%,广发基金,2022-01-07,电力指数,11907.44,9767,10684,10383,10000,10000,36.52
德国ETF,513030,1.236,10008,10000,跨境，德国,1.00%,华安基金,2014-09-05,德国DAX指数,3266.28,10190,11965,13052,11298,11036,4.29
能源化工ETF,159981,1.571,10038,10000,商品，化工,0.60%,建信基金,2020-01-17,易盛能化A,1690.54,10537,10390,10425,18078,10000,4.28
游戏ETF,159869,1.192,9628,9973,主题，游戏,0.60%,华夏基金,2021-03-05,动漫游戏指数,62783.04,8949,15623,14975,10000,10000,80.38
香港证券ETF,513090,1.219,9935,10042,跨境，香港,0.20%,易方达基金,2020-03-26,香港证券港元指数,192315.7,11382,11340,11478,9355,10000,15.32
旅游ETF,159766,0.925,9925,10007,主题，旅游,0.60%,富国基金,2021-07-23,中证旅游指数,14508.64,10198,8193,9737,10000,10000,29.51
券商ETF,512000,1.009,9970,9995,行业，金融，证券,0.60%,华宝基金,2016-09-14,证券公司指数,173094.46,11843,12127,11760,8415,14926,238.4
日经ETF,513520,1.225,9976,10000,跨境，日本,0.25%,华夏基金,2019-06-25,日经225指数,3346.67,9887,11940,11633,11395,10000,4.36
创业板成长ETF,159967,0.497,9920,10018,策略，动量，成长,0.60%,华夏基金,2019-07-15,创成长指数,11466.31,9669,8828,7385,8952,10000,36.53
芯片ETF,159995,1.026,9923,10025,行业，半导体，芯片,0.60%,华夏基金,2020-02-10,国证芯片指数,47277.88,9762,10260,8072,7651,10000,249.82
钢铁ETF,515210,1.332,9978,9994,行业，钢铁,0.60%,国泰基金,2020-03-02,中证钢铁指数,8700.76,10530,10390,9196,12153,10000,15.49
新能源ETF,516160,0.852,9965,10010,主题，新能源，新兴产业,0.20%,南方基金,2021-02-04,中证新能指数,17634.88,10024,8632,6682,10000,10000,64.43
汽车ETF,516110,1.115,9946,10024,行业，汽车,0.60%,国泰基金,2021-05-07,800汽车指数,18509.62,10411,11459,9043,10000,10000,18.53
基建50ETF,516970,1.261,9968,10006,主题，基建,0.60%,广发基金,2021-07-05,基建工程指数,17470.95,10311,11818,11569,10000,10000,69.09
传媒ETF,512980,0.822,9648,9974,行业，TMT，传媒,0.60%,广发基金,2018-01-19,中证传媒指数,27274.58,9648,13723,13746,8457,10887,50.19
教育ETF,513360,0.576,9897,10000,跨境，教育,0.65%,博时基金,2021-06-17,中国教育人民币指数,6816.28,10868,10930,14152,10000,10000,3.66
证券保险ETF,512070,0.715,9972,9995,行业，金融,0.60%,易方达基金,2014-07-18,300非银指数,44821.73,11331,11702,12222,8469,13095,52.7
农业ETF,159825,0.776,9898,9981,行业，农业,0.60%,富国基金,2020-12-29,中证农业指数,9184.0,10117,9044,8025,10000,10000,29.05
中证500ETF,510500,6.137,9932,10008,宽基，中小盘,0.60%,南方基金,2013-03-15,中证500指数,191525.75,10134,10425,9728,9564,13557,483.95
中证红利ETF,515080,1.494,9960,10005,策略，红利,0.30%,招商基金,2019-12-27,中证红利指数,11963.88,10353,11030,11159,14308,10000,24.1
芯片ETF,512760,0.988,9910,10004,行业，半导体，芯片,0.60%,国泰基金,2019-06-12,中华半导体人民币指数,40497.18,9734,10578,8226,7629,10000,195.06
5GETF,515050,1.005,9720,9986,主题，新兴产业，5G,0.60%,华夏基金,2019-10-16,5G通信指数,9086.25,9490,12722,10579,7585,10000,80.87
十年国债ETF,511260,122.835,10003,10000,债券，国债，利率债,0.40%,国泰基金,2017-08-24,10年国债指数,36753.72,10043,10293,10323,11115,11944,5.88
恒生科技30ETF,513010,0.604,9902,10000,跨境，香港，科技,0.25%,易方达基金,2021-05-25,恒生科技指数,42496.3,11123,10883,10709,10000,10000,45.57
纳斯达克ETF,513300,1.393,10000,10000,跨境，美国,0.80%,华夏基金,2020-11-05,纳斯达克100指数,20059.5,10058,13861,12327,10000,10000,19.96
国债ETF,511010,132.035,10002,10000,债券，国债，利率债,0.40%,国泰基金,2013-03-25,5年国债指数,30889.77,10017,10227,10250,10857,11590,12.94
中韩半导体ETF,513310,1.191,9958,10000,跨境，韩国,0.95%,华泰柏瑞基金,2022-12-22,中韩半导体指数,2327.21,10179,12406,10000,10000,10000,1.06
电池ETF,159755,0.818,9976,10007,主题，新兴产业，新能源车，电池,0.60%,广发基金,2021-06-24,新能电池指数,15207.85,10187,9233,6868,10000,10000,57.06
中概互联ETF,159605,0.833,10000,10000,跨境，中概股,0.60%,广发基金,2021-12-02,中国互联网30人民币指数,126158.04,11121,10361,11004,10000,10000,60.64
可转债ETF,511380,11.495,9970,10000,债券，可转债,0.20%,博时基金,2020-04-07,中证转债及可交换债指数,77254.32,10135,10483,9707,10992,10000,31.46
有色ETF,159980,1.561,9974,9938,商品，有色金属,0.70%,大成基金,2019-12-24,上期有色金属指数,3009.77,10223,9768,11255,14768,10000,2.91
智能汽车ETF,515250,0.906,9826,9970,主题，智能汽车,0.60%,富国基金,2021-01-08,CS智汽车指数,11184.99,9752,11645,8805,10000,10000,7.42
红利低波50ETF,515450,1.402,10007,10000,策略，低波动，红利,0.60%,南方基金,2020-02-26,标普中国A股大盘红利低波50指数,3342.83,10294,12266,12574,14942,10000,2.93
软件ETF,515230,0.961,9948,9987,主题，新兴产业，软件,0.60%,国泰基金,2021-03-02,软件指数,12906.81,9948,12242,12043,10000,10000,14.29
生物医药ETF,512290,1.094,10177,9992,行业，医药，生物科技,0.60%,国泰基金,2019-05-20,CS生医指数,24817.89,9991,9049,8717,4677,10000,55.69
红利ETF,510880,3.033,9967,9997,策略，红利,0.60%,华泰柏瑞基金,2007-01-18,红利指数,18911.52,10250,11122,11149,12635,14144,159.31
中证1000ETF,512100,2.585,9923,10003,宽基，中小盘,0.60%,南方基金,2016-11-04,中证1000指数,110603.56,9848,10311,9017,9564,15290,98.15
新能车ETF,515700,2.001,9960,9990,主题，新兴产业，新能源车,0.20%,平安基金,2020-02-10,新能源车指数,14346.64,10076,9187,6936,14627,10000,55.21
红利低波ETF,512890,0.95,9927,10016,策略，红利,0.60%,华泰柏瑞基金,2019-01-18,红利低波指数,5193.16,10349,11614,11772,14169,10000,12.55
游戏ETF,516010,1.185,9650,10012,主题，游戏,0.60%,国泰基金,2021-03-05,动漫游戏指数,14884.28,8984,15490,14831,10000,10000,24.04
H股ETF,510900,0.828,9964,10035,跨境，香港，中概股,0.75%,易方达基金,2012-10-22,恒生中国企业指数,40995.96,10534,10248,10508,7101,7059,91.78
科创板50ETF,588080,0.981,9919,10003,宽基，中小盘，科创板,0.60%,易方达基金,2020-11-16,科创50指数,54968.92,9646,9939,8216,10000,10000,236.83
家电ETF,159996,1.137,9930,10033,行业，家电,0.60%,国泰基金,2020-03-16,家用电器指数,11267.31,9913,11302,10374,9199,10000,30.31
中概互联网ETF,159607,0.833,9988,10000,跨境，中概股,0.60%,嘉实基金,2021-12-02,中国互联网30人民币指数,55234.94,11136,10335,10946,10000,10000,19.71
深红利ETF,159905,2.02,9975,9998,策略，红利,0.60%,工银瑞信基金,2011-01-11,深证红利指数,4816.57,10543,10418,10418,8802,14919,24.38
法国CAC40ETF,513080,1.528,10046,10000,跨境，法国,0.65%,华安基金,2020-06-12,法国CAC40指数,867.04,10352,12204,13207,14849,10000,0.986
科技ETF,515000,1.263,9875,10032,主题，新兴产业，科技,0.60%,华宝基金,2019-08-16,科技龙头指数,7359.72,9649,10860,9627,6989,10000,31.21
工业母机ETF,159667,0.971,9808,10010,行业，机床,0.60%,国泰基金,2022-10-26,中证机床指数,4117.43,9446,10706,10000,10000,10000,5.75
消费50ETF,515650,1.215,9984,10005,行业，消费,0.60%,富国基金,2019-11-11,CS消费50指数,9875.94,10519,9612,9433,8895,10000,22.65
数字经济ETF,560800,0.714,9917,10016,主题，数字经济,0.60%,鹏扬基金,2022-01-07,数字经济指数,3886.46,10085,10641,9469,10000,10000,14.13
建材ETF,159745,0.755,9960,9969,行业，建筑材料,0.60%,国泰基金,2021-06-18,建筑材料指数,7114.07,10958,9729,8903,10000,10000,10.04
沪深300ETF易方达,510310,1.927,9979,10002,宽基，大盘股,0.20%,易方达基金,2013-03-25,沪深300指数,42228.62,10439,10444,9807,9043,13438,194.07
有色金属ETF,512400,1.074,9899,9973,行业，资源，有色金属,0.60%,南方基金,2017-09-01,有色金属指数,16088.82,10238,10103,8437,11776,16006,39.87
MSCIA股ETF易方达,512090,1.523,9961,9989,MSCI,0.20%,易方达基金,2018-06-01,MSCI中国A股国际通指数,1225.19,10389,10284,9651,10228,16922,4.52
纳斯达克指数ETF,159501,1.058,9991,10000,跨境，美国,0.60%,嘉实基金,2023-06-14,纳斯达克100指数,3107.71,10038,10000,10000,10000,10000,2.63
纳斯达克ETF,159632,1.274,9992,10000,跨境，美国,0.80%,华安基金,2022-08-03,纳斯达克100指数,21654.06,10095,14510,12250,10000,10000,54.06
国防ETF,512670,0.766,9935,9994,行业，军工,0.40%,鹏华基金,2019-08-01,中证国防指数,10073.59,9539,8636,7577,8197,10000,31.15
化工ETF,159870,0.702,9972,9999,行业，化工,0.60%,鹏华基金,2021-03-03,细分化工指数,12770.31,10509,9323,7914,10000,10000,22.08
城投债ETF,511220,9.915,10006,10000,债券，企业债，信用债,0.40%,海富通基金,2014-12-16,沪城投债指数,17616.58,10052,10430,10227,11480,12557,13.94
中药ETF,159647,1.12,9947,10009,行业，医药,0.60%,鹏华基金,2022-07-28,中证中药指数,10858.09,9956,10707,11452,10000,10000,10.66
港股通医药ETF,513200,0.851,10167,9987,跨境，香港，医药,0.20%,易方达基金,2022-02-11,HKC医药C港元指数,19842.45,9988,8343,8939,10000,10000,9.51
金融科技ETF,159851,1.221,10033,10013,主题，金融科技,0.60%,华宝基金,2021-03-19,金融科技指数,4088.81,10892,12601,12549,10000,10000,2.12
港股创新药ETF,513120,0.795,10219,10000,跨境，香港，医药,0.60%,广发基金,2022-07-12,港股创新药港币指数,106724.76,9950,8104,8475,10000,10000,24.84
证券ETF,159841,0.96,9959,9999,行业，金融，证券,0.60%,天弘基金,2021-02-09,证券公司指数,35704.51,11837,12137,11779,10000,10000,43.26
科创芯片ETF,588200,1.175,9874,9987,行业，半导体，芯片，科创板,0.60%,嘉实基金,2022-10-26,科创芯片指数,28400.7,9377,11430,10000,10000,10000,63.12
上证50ETF易方达,510100,1.355,9993,9999,宽基，大盘股,0.20%,易方达基金,2019-10-09,上证50指数,13664.77,10661,10274,9898,9276,10000,16.55
港股通互联网ETF,159792,0.679,10015,10046,跨境，香港，互联网,0.60%,富国基金,2021-09-28,HKC互联网指数,57520.57,11168,9483,10226,10000,10000,87.2
稀有金属ETF,562800,0.609,9951,10005,主题，稀有金属,0.60%,嘉实基金,2021-09-27,CS稀金属指数,5228.36,9854,9036,6789,10000,10000,10.66
恒生医药ETF,159892,0.566,10180,10000,跨境，香港，生物科技,0.65%,华夏基金,2021-10-19,恒生香港上市生物科技指数,46740.21,10089,8086,8628,10000,10000,11.97
红利ETF易方达,515180,1.343,9970,10000,策略，红利,0.20%,易方达基金,2019-12-20,中证红利指数,6269.74,10387,11053,11105,13533,10000,26.57
信息技术ETF,159939,0.585,9882,10022,行业，信息技术,0.60%,广发基金,2015-02-05,全指信息,8646.58,9832,11504,9924,7583,13495,24.34
生物医药ETF,159859,0.489,10273,10015,行业，医药，生物科技,0.60%,天弘基金,2021-07-07,生物医药指数,15594.12,10584,8274,7523,10000,10000,29.2
短融ETF,511360,107.805,10001,10000,债券，信用债，短期融资券,0.20%,海富通基金,2020-09-25,中证短融指数,688970.91,10021,10155,10207,10000,10000,193.87
影视ETF,159855,0.946,9733,10001,主题，TMT，影视,0.60%,银华基金,2021-02-26,中证影视指数,789.18,10161,11302,11899,10000,10000,0.529
畜牧ETF,159867,0.704,9874,9942,行业，畜牧业,0.60%,鹏华基金,2021-03-05,中证畜牧指数,9142.41,10086,9014,8341,10000,10000,13.09
上证指数ETF,510210,0.903,9967,10016,宽基，综合,0.60%,富国基金,2011-03-25,上证指数,24595.09,10320,10973,10470,10607,14837,44.24
中药ETF,560080,1.215,9935,9995,行业，医药,0.60%,汇添富基金,2022-10-17,中证中药指数,10350.43,9926,10649,10000,10000,10000,21.68
科创信息技术ETF,588100,1.109,9849,9982,行业，信息技术，科创板,0.60%,嘉实基金,2022-05-27,科创信息指数,3981.64,9593,11711,10009,10000,10000,9.7
龙头券商ETF,159993,1.112,9955,9988,行业，金融，证券,0.60%,鹏华基金,2020-02-07,证券龙头指数,10205.12,11583,11893,11644,8889,10000,14.82
医疗50ETF,159847,0.478,10149,9973,行业，医药,0.20%,易方达基金,2021-07-19,中证医疗指数,1934.44,10127,8328,8020,10000,10000,4.97
国防军工ETF,512810,1.184,9950,9994,行业，军工,0.60%,华宝基金,2016-08-22,中证军工指数,6462.16,9548,9793,8630,9801,19190,5.23
医药龙头ETF,515950,1.129,10135,10014,行业，医药,0.60%,富国基金,2020-04-01,医药50指数,3451.43,9912,9179,8855,7087,10000,9.14
日经225ETF易方达,513000,1.239,9968,10000,跨境，日本,0.25%,易方达基金,2019-06-25,日经225指数,2053.46,9912,11925,11645,11472,10000,2.99
物流ETF,516910,0.996,9930,9978,行业，物流,0.60%,富国基金,2021-06-11,CS物流指数,3134.66,10215,9623,9423,10000,10000,1.25
恒生生物科技ETF,513280,0.803,10152,10000,跨境，香港，生物科技,0.20%,汇添富基金,2022-07-18,恒生香港上市生物科技指数,1506.57,10038,8006,8607,10000,10000,0.767
资源ETF,510410,1.124,9938,10025,行业，资源,0.60%,博时基金,2012-05-11,上证资源指数,2678.31,10209,10902,10009,16313,17535,3.57
创业50ETF,159682,0.92,10000,10015,宽基，中小盘,0.60%,景顺长城基金,2023-01-03,创业板50指数,18946.55,10360,10000,10000,10000,10000,27.1
港股通50ETF,513550,0.815,9988,9994,跨境，香港,0.60%,华泰柏瑞基金,2021-01-13,港股通50港元指数,14417.76,10422,10149,10435,10000,10000,43.13
黄金ETF,159934,4.362,9993,10000,商品，黄金,0.60%,易方达基金,2013-12-16,黄金9999指数,8999.02,10121,11060,11682,10037,16504,37.69
国证2000ETF,159628,1.005,9911,10002,宽基，中小盘,0.60%,万家基金,2022-07-18,国证2000指数,8314.9,9824,10726,9673,10000,10000,7.8
食品ETF,515710,0.756,10000,9989,行业，食品饮料,0.60%,华宝基金,2021-01-07,细分食品指数,2770.43,10648,9618,9462,10000,10000,8.54
锂电池ETF,159840,0.65,9969,9990,主题，新兴产业，新能源车，电池,0.52%,工银瑞信基金,2021-08-20,新能电池指数,8402.65,10172,9220,6908,10000,10000,14.37
软件ETF,159852,0.958,9927,10006,主题，新兴产业，软件,0.60%,嘉实基金,2021-02-09,软件服务指数,10768.03,9969,11755,11612,10000,10000,9.93
建材ETF,516750,0.839,10000,9998,行业，建筑材料,0.60%,富国基金,2021-11-05,建筑材料指数,2577.5,10967,9711,8878,10000,10000,0.853
计算机ETF,512720,1.263,9867,9994,行业，计算机,0.60%,国泰基金,2019-08-16,CS计算机指数,11694.78,9898,11915,11566,7968,10000,18.74
房地产ETF,159768,0.799,10101,10011,行业，金融，房地产,0.60%,银华基金,2022-02-16,内地地产指数,6640.81,10975,9334,9478,10000,10000,3.21
食品饮料ETF,515170,0.725,10014,10009,行业，食品饮料,0.60%,华夏基金,2021-01-13,细分食品指数,10372.55,10693,9590,9452,10000,10000,35.17
汽车ETF,159512,1.043,9886,10000,,0.60%,广发基金,2023-07-25,汽车指数,1671.24,10000,10000,10000,10000,10000,6.2
日经ETF,159866,0.926,9978,10000,跨境，日本,0.25%,工银瑞信基金,2021-04-08,日经225指数,3674.3,9893,11796,11619,10000,10000,4.68
活跃国债ETF,511020,109.889,10003,10000,债券，国债，利率债,0.30%,平安基金,2019-02-22,中证平安5-10年国债指数,35760.79,10033,10282,10285,11024,10000,10.55
电子ETF,515260,0.757,9883,10022,行业，电子,0.60%,华宝基金,2020-07-31,电子50指数,1276.25,9921,11215,9404,7350,10000,5.08
碳中和ETF,159790,0.708,9972,10002,主题，低碳,0.60%,华夏基金,2021-08-06,内地低碳指数,6247.63,10216,9089,7254,10000,10000,30.7
创新药ETF,515120,0.61,10235,9991,行业，医药,0.60%,广发基金,2021-01-04,CS创新药指数,22076.55,10000,8777,8232,10000,10000,32.17
医药卫生ETF,159938,0.717,10127,10027,行业，医药,0.60%,广发基金,2015-01-08,全指医药,16305.7,9945,9099,8951,6459,11399,46.26
稀土ETF基金,516150,1.097,9883,9984,主题，稀土,0.60%,嘉实基金,2021-03-17,稀土产业指数,7793.4,9665,9803,7797,10000,10000,23.28
科创ETF,588050,0.986,9910,9987,宽基，中小盘，科创板,0.60%,工银瑞信基金,2020-11-16,科创50指数,16781.94,9638,9940,8272,10000,10000,63.68
大数据ETF,515400,0.94,9853,10012,主题，新兴产业,0.60%,富国基金,2021-01-20,中证数据指数,13928.07,9751,12668,12467,10000,10000,11.92
稀土ETF,516780,1.036,9914,9995,主题，稀土,0.60%,华泰柏瑞基金,2021-03-08,稀土产业指数,5919.86,9682,9857,7854,10000,10000,9.04
电池50ETF,159796,0.752,9987,10000,主题，新兴产业，新能源车,0.20%,汇添富基金,2022-03-14,CS电池指数,2655.59,9895,8704,6631,10000,10000,11.33
碳中和50ETF,516070,0.535,9963,9990,主题，低碳,0.20%,易方达基金,2021-04-23,内地低碳指数,1579.39,10210,9192,7420,10000,10000,4.31
5GETF,159994,0.829,9741,10020,主题，新兴产业，5G,0.60%,银华基金,2020-02-28,5G通信指数,2999.77,9540,12715,10615,7557,10000,18.39
央企共赢ETF,517090,1.306,9947,9958,主题，国企,0.30%,国泰基金,2021-12-28,富时中国国企开放共赢指数,1315.66,10085,12356,13073,10000,10000,12.1
中国国企ETF,517180,1.383,9971,9990,主题，国企,0.30%,南方基金,2021-12-28,富时中国国企开放共赢指数,5447.87,10132,12986,13761,10000,10000,12.72
中国A50ETF,563000,0.808,9975,9989,MSCI,0.60%,易方达基金,2021-11-08,MSCI中国A50互联互通人民币指数,7706.35,10646,10012,9428,10000,10000,50.12
恒生红利ETF,159726,0.871,10000,10000,跨境，香港,0.60%,华夏基金,2021-11-23,恒生中国内地企业高股息率指数,279.71,10596,10687,10970,10000,10000,0.833
消费ETF,510150,0.589,10034,10029,行业，消费,0.60%,招商基金,2011-02-25,消费80指数,10011.46,10388,9349,8965,8424,15753,14.44
生物药ETF,159839,0.461,10290,10014,主题，新兴产业，生物科技,0.60%,汇添富基金,2021-02-22,生物医药指数,4026.48,10598,8232,7508,10000,10000,6.88
500质量成长ETF,560500,0.858,9965,9989,策略，价值，成长,0.50%,鹏扬基金,2021-09-01,500质量指数,460.17,9988,9630,8675,10000,10000,7.82
黄金ETF基金,159937,4.406,10002,10000,商品，黄金,0.60%,博时基金,2014-09-01,黄金9999指数,17475.54,10119,11062,11687,10059,16564,60.41
智能制造ETF,516800,1.009,9825,10014,主题，智能制造,0.60%,华宝基金,2021-02-19,智能制造指数,635.38,9825,11224,9564,10000,10000,2.44
1000价值ETF,562530,1.093,9918,10002,策略，价值，低波动,0.60%,华夏基金,2022-08-12,1000价值稳健指数,382.53,10225,11397,10000,10000,10000,0.227
创新药ETF易方达,516080,0.606,10202,9984,行业，医药,0.20%,易方达基金,2021-02-23,CS创新药指数,1100.07,10017,8886,8440,10000,10000,2.78
纳指100ETF,159660,1.206,9983,10000,跨境，美国,0.65%,汇添富基金,2023-04-17,纳斯达克100指数,1764.36,10025,10000,10000,10000,10000,1.43
日经225ETF,513880,1.178,9958,10000,跨境，日本,0.25%,华安基金,2019-06-25,日经225指数,954.04,9924,11863,11572,11176,10000,2.04
机器人ETF,562500,0.822,9904,9986,主题，新兴产业，机器人,0.60%,华夏基金,2021-12-29,机器人指数,4026.31,9637,11965,9682,10000,10000,5.54
双创50ETF,159781,0.561,10018,10004,宽基，中小盘,0.60%,易方达基金,2021-07-05,科创创业50指数,6333.95,10036,9334,8361,10000,10000,66.12
中证1000ETF,159845,2.59,9923,10008,宽基，中小盘,0.60%,华夏基金,2021-03-31,中证1000指数,161222.52,9859,10306,9015,10000,10000,110.34
计算机ETF,159998,0.961,9846,9968,行业，计算机,0.60%,天弘基金,2020-04-13,CS计算机指数,14104.41,9877,11998,11620,7781,10000,22.36
军工龙头ETF,512710,0.659,9955,9997,行业，军工,0.60%,富国基金,2019-08-26,军工龙头指数,11297.69,9592,8978,7735,7925,10000,58.74
香港科技ETF,159747,1.13,9956,10000,跨境，香港，科技,0.65%,南方基金,2021-07-14,港股科技港币指数,6500.08,10928,10502,9675,10000,10000,3.43
保险证券ETF,515630,1.186,10000,9999,行业，金融，证券保险,0.60%,鹏华基金,2020-04-03,800证保指数,3065.02,11448,11908,12227,9383,10000,1.12
沪港深500ETF基金,517080,0.766,9961,9999,宽基，大盘股,0.20%,汇添富基金,2021-02-22,沪港深500人民币指数,402.62,10393,10296,10039,10000,10000,4.94
沪深300增强ETF,561990,0.838,9964,10005,宽基，大盘股,0.60%,招商基金,2021-12-10,沪深300指数,7648.79,10346,10397,9710,10000,10000,6.25
医疗器械ETF,159883,0.562,10072,9973,行业，医药，医疗器械,0.60%,永赢基金,2021-04-30,医疗器械指数,9309.07,9430,8700,8477,10000,10000,22.77
能源ETF,159930,1.177,9932,9993,行业，资源，能源,0.60%,汇添富基金,2013-09-16,中证能源指数,876.65,9776,11146,10759,19359,15841,2.0
港股医药ETF,159718,0.743,10178,9982,跨境，香港，医药,0.60%,平安基金,2021-12-28,HKC医药C人民币指数,875.54,10000,8395,8973,10000,10000,0.636
农业ETF,516550,0.691,10000,10017,行业，农业,0.60%,嘉实基金,2021-04-08,大农业指数,930.02,10222,8882,8101,10000,10000,2.01
养殖ETF,516760,0.738,9906,10003,行业，畜牧养殖,0.60%,平安基金,2021-03-12,中证畜牧指数,661.84,10137,9011,8292,10000,10000,2.32
现代农业ETF,562900,0.838,9905,10007,主题，农业,0.20%,易方达基金,2021-12-13,CS现代农指数,1426.75,10096,9119,8128,10000,10000,0.817
医疗服务ETF,516610,0.586,10103,10014,行业，医药，医疗保健,0.60%,大成基金,2021-05-13,医疗保健指数,812.39,9654,8707,8630,10000,10000,0.696
云计算ETF,159890,1.13,9792,9982,主题，TMT，互联网,0.25%,招商基金,2021-04-02,云计算指数,2198.59,9512,13814,13916,10000,10000,0.744
畜牧养殖ETF,516670,0.756,9895,9986,行业，畜牧养殖,0.30%,招商基金,2021-03-26,中证畜牧指数,3392.05,10148,9043,8409,10000,10000,9.06
政金债券ETF,511520,103.131,10009,10000,债券，利率债，政金债,0.20%,富国基金,2022-10-25,中债-7-10年政策性金融债全价(总值)指数,394508.17,10047,10330,10000,10000,10000,37.16
生物科技ETF,159837,0.522,10215,9990,主题，新兴产业，生物科技,0.20%,易方达基金,2021-01-27,中证生科指数,6954.09,10116,8758,8169,10000,10000,16.01
中证100ETF,512910,1.159,9974,10002,宽基，大盘股,0.60%,广发基金,2019-07-01,中证100指数,2262.74,10441,10339,9586,9104,10000,3.18
消费电子ETF,159732,0.694,9858,9981,主题，消费电子,0.60%,华夏基金,2021-08-23,消费电子指数,422.18,9872,11122,9025,10000,10000,1.85
证券ETF先锋,516980,1.039,9981,10048,策略，动量，成长，证券,0.60%,华富基金,2021-06-24,证券先锋指数,470.96,11820,12224,11780,10000,10000,0.225
半导体ETF,159813,0.658,9910,10015,行业，半导体，芯片,0.60%,鹏华基金,2020-05-25,国证芯片指数,16711.57,9748,10233,8084,8077,10000,40.53
创新药指ETF,159858,0.636,10209,9980,行业，医药,0.20%,南方基金,2021-03-25,CS创新药指数,1469.53,10000,8785,8303,10000,10000,1.72
500增强ETF,561550,0.899,9945,10006,宽基，中小盘,0.80%,华泰柏瑞基金,2021-12-10,中证500指数,2778.58,10033,10527,9751,10000,10000,6.03
深证100ETF,159901,2.925,9973,10017,宽基，大盘股,0.60%,易方达基金,2006-04-24,深证100指数,12658.09,10336,10024,9042,8550,15159,66.94
港股消费50ETF,513070,1.051,9962,10034,跨境，香港，消费,0.20%,易方达基金,2022-03-24,HKC消费港元指数,2201.06,10869,10204,10106,10000,10000,0.987
锂电池ETF,561160,0.633,9984,10012,主题，新兴产业，新能源车,0.60%,富国基金,2022-07-08,CS电池指数,4133.0,9891,8707,6670,10000,10000,11.65
恒生高股息ETF,513690,0.772,9961,10062,跨境，香港，策略，红利,0.60%,博时基金,2021-05-20,恒生高股息率指数,3398.7,10171,10349,10966,10000,10000,8.75
深成ETF,159903,1.308,9985,10032,宽基，综合,0.60%,南方基金,2010-02-02,深证成指,344.61,10171,10147,9115,8651,14125,2.75
1000ETF增强,159680,1.03,9923,9996,宽基，中小盘,0.60%,招商基金,2022-11-30,中证1000指数,3118.61,9894,10763,10000,10000,10000,3.01
绿电ETF,562550,1.024,9913,10005,,0.60%,华夏基金,2023-03-27,绿色电力指数,496.22,9771,10000,10000,10000,10000,0.683
机床ETF,159663,0.983,9771,10015,行业，机床,0.60%,华夏基金,2022-10-26,中证机床指数,1873.63,9434,10639,10000,10000,10000,1.23
高端装备ETF,159638,0.834,9952,9980,主题，高端装备,0.60%,嘉实基金,2022-08-12,高装细分50指数,7102.73,9597,9586,10000,10000,10000,18.97
电池ETF,561910,0.62,10000,10004,主题，新兴产业，新能源车，电池,0.60%,招商基金,2021-08-12,CS电池指数,2649.26,9904,8769,6717,10000,10000,6.4
芯片ETF基金,516920,0.63,9906,10019,行业，半导体，芯片,0.20%,汇添富基金,2021-08-16,芯片产业指数,855.5,9737,10751,8479,10000,10000,4.24
半导体芯片ETF,516350,0.698,9887,10015,行业，半导体，芯片,0.20%,易方达基金,2021-12-23,芯片产业指数,991.34,9776,10772,8543,10000,10000,3.01
绿电50ETF,561170,1.024,9903,10009,,0.60%,富国基金,2023-03-16,绿色电力指数,1993.69,9790,10000,10000,10000,10000,4.94
医疗器械ETF基金,159797,0.867,10093,9989,行业，医药，医疗器械,0.20%,汇添富基金,2022-05-16,医疗器械指数,301.71,9444,8740,8584,10000,10000,0.522
新能源ETF易方达,516090,0.524,9943,10003,主题，新兴产业，新能源,0.20%,易方达基金,2021-03-19,中证新能指数,3064.48,10000,8675,6805,10000,10000,7.35
金融ETF,510230,1.077,9981,10006,行业，金融,0.60%,国泰基金,2011-05-23,180金融指数,7868.33,10979,11254,11861,9479,12141,37.1
银行ETF,159887,0.937,10021,9980,行业，金融，银行,0.60%,富国基金,2021-05-20,800银行指数,5897.14,10745,10660,10972,10000,10000,3.95
智能汽车50ETF,516590,1.022,9932,9994,主题，智能汽车,0.20%,易方达基金,2021-05-12,智能电车指数,869.28,10169,10049,7725,10000,10000,1.2
中证500低波ETF,512260,1.6,9919,9977,策略，低波动,0.60%,华安基金,2019-01-11,500SNLV指数,46.71,10289,11283,10951,11088,10000,0.906
TMT50ETF,159909,0.645,9847,10040,行业，TMT,0.60%,招商基金,2011-09-01,TMT50指数,395.06,9773,11416,10190,8973,15713,2.95
港股通100ETF,159788,0.946,9958,10000,跨境，香港,0.20%,易方达基金,2022-03-02,HKC中国100港元指数,106.57,10384,10096,10260,10000,10000,0.301
纳指100ETF,513390,1.238,9992,10000,跨境，美国,0.65%,博时基金,2023-05-08,纳斯达克100指数,1004.26,10114,10000,10000,10000,10000,0.718
基建50ETF,159635,1.105,9991,10000,主题，基建,0.60%,华夏基金,2022-07-12,中证基建指数,2383.88,10260,12116,11681,10000,10000,2.01
基建ETF,516950,1.134,9947,9991,主题，基建,0.60%,银华基金,2021-05-14,中证基建指数,5786.62,10262,12025,11548,10000,10000,11.85
建材ETF易方达,159787,0.836,9976,9987,行业，建筑材料,0.20%,易方达基金,2022-03-15,建筑材料指数,237.89,10971,9665,8884,10000,10000,0.233
云计算ETF,516510,1.11,9797,9980,主题，TMT，互联网,0.20%,易方达基金,2021-04-07,云计算指数,14577.07,9536,13840,13927,10000,10000,12.47
沪深300红利ETF,512530,1.289,10023,9998,策略，红利,0.60%,建信基金,2019-09-23,300红利指数,384.81,10497,11102,11151,11913,10000,0.494
上证180ETF,510180,3.611,9975,10000,宽基，大盘股,0.60%,华安基金,2006-05-18,上证180指数,8926.55,10503,10470,10022,9307,12759,193.6
港股科技50ETF,513980,0.532,9963,9994,跨境，香港，科技,0.60%,景顺长城基金,2021-07-02,HKC科技人民币指数,32619.01,10747,10290,9586,10000,10000,43.11
游戏动漫ETF,516770,1.198,9654,10030,主题，游戏,0.60%,华泰柏瑞基金,2021-03-05,动漫游戏指数,2568.88,9028,15640,15031,10000,10000,1.86
高端制造ETF,562910,0.739,9960,10007,主题，装备制造,0.20%,易方达基金,2022-01-10,装备产业指数,328.7,10054,9535,7921,10000,10000,1.23
创业板ETF广发,159952,1.32,10008,10001,宽基，中小盘,0.20%,广发基金,2017-05-19,创业板指,12928.08,10288,9565,8413,8291,15827,34.57
光伏ETF基金,516290,0.716,9958,10032,主题，光伏，新兴产业,0.20%,汇添富基金,2021-08-23,光伏产业指数,728.0,9728,8463,6891,10000,10000,2.65
人工智能50ETF,517800,0.714,9862,10030,主题，新兴产业，人工智能,0.60%,方正富邦基金,2021-08-26,SHS人工智能50人民币指数,118.48,9958,10985,10028,10000,10000,0.75
港股通红利ETF,513530,1.152,9957,10000,跨境，香港，红利,0.60%,华泰柏瑞基金,2022-04-25,港股通高股息港元指数,1164.72,10222,11184,12165,10000,10000,0.73
中证100ETF基金,562000,0.939,9989,9994,宽基，大盘股,0.60%,华宝基金,2022-08-01,中证100指数,6031.66,10410,10353,9601,10000,10000,7.41
传媒ETF,159805,1.132,9700,10013,行业，TMT，传媒,0.60%,鹏华基金,2020-04-17,中证传媒指数,3671.04,9717,13755,13873,9667,10000,1.89
央企创新ETF,159974,1.518,9902,9986,主题，央企,0.20%,富国基金,2019-12-18,央企创新指数,1137.12,10174,12144,11925,14897,10000,5.38
双创50ETF,588400,0.573,10017,10012,宽基，中小盘,0.60%,嘉实基金,2021-07-05,科创创业50指数,4080.08,10070,9347,8426,10000,10000,18.36
信息安全ETF,159613,0.905,9848,9968,主题，信息安全,0.60%,嘉实基金,2022-01-27,信息安全指数,852.92,9891,12246,11485,10000,10000,0.943
科创50ETF基金,588180,0.619,9920,9994,宽基，中小盘，科创板,0.35%,国联安基金,2021-07-01,科创50指数,3482.45,9642,9984,8286,10000,10000,21.93
黄金基金ETF,518800,4.354,9991,10000,商品，黄金,0.60%,国泰基金,2013-07-29,黄金9999指数,17448.59,10119,11051,11679,10035,16499,11.82
香港科技50ETF,159750,0.837,9964,10000,跨境，香港，科技,0.65%,招商基金,2022-02-14,港股科技港币指数,2957.78,10927,10502,9643,10000,10000,0.798
医药ETF基金,159838,0.642,10110,10020,行业，医药,0.60%,博时基金,2021-07-30,医药50指数,1268.67,9923,9171,8782,10000,10000,2.8
游戏沪港深ETF,517500,1.356,9720,10004,主题，游戏,0.60%,国泰基金,2022-03-15,SHS动漫游戏指数,151.52,9417,15067,14755,10000,10000,0.172
旅游ETF,562510,0.932,9925,10007,主题，旅游,0.60%,华夏基金,2021-12-30,中证旅游指数,4176.5,10186,8233,9800,10000,10000,7.63
新能源汽车ETF,516390,0.822,9928,9999,主题，新兴产业，新能源车,0.20%,汇添富基金,2021-06-18,新能源车指数,2270.12,10074,9133,6925,10000,10000,5.29
疫苗ETF,562860,0.805,10242,9995,行业，医药，生物科技,0.60%,嘉实基金,2023-02-24,疫苗生物指数,1665.43,10229,10000,10000,10000,10000,6.63
芯片ETF龙头,159801,1.017,9893,9987,行业，半导体，芯片,0.60%,广发基金,2020-02-18,国证芯片指数,5676.98,9713,10242,8059,7693,10000,24.58
红利100ETF,515100,1.831,9989,10013,策略，低波动，红利,0.60%,景顺长城基金,2020-07-03,红利低波100指数,4379.97,10608,12014,12305,15922,10000,8.54
港股通医药ETF,159776,1.016,10170,10011,跨境，香港，医药,0.60%,银华基金,2022-03-25,HKC医药C人民币指数,8458.83,9980,8314,8975,10000,10000,1.14
金融科技ETF,516860,1.053,10019,9997,主题，金融科技,0.60%,博时基金,2021-10-11,金融科技指数,2132.65,10867,12417,12345,10000,10000,0.596
互联网龙头ETF,159856,0.611,9935,10020,主题，互联网,0.52%,工银瑞信基金,2021-02-01,SHS互联网人民币指数,658.78,10589,11294,11463,10000,10000,3.82
中医药ETF,561510,1.185,9958,10003,行业，医药,0.60%,华泰柏瑞基金,2022-08-04,中证中药指数,2822.73,9941,10792,11572,10000,10000,1.7
家电ETF,561120,0.989,9900,10017,行业，家电,0.60%,富国基金,2022-02-15,家用电器指数,3247.07,9920,11290,10432,10000,10000,1.93
恒生生物科技ETF,159615,0.83,10197,10000,跨境，香港，生物科技,0.65%,南方基金,2022-06-28,恒生香港上市生物科技指数,8010.5,10110,8082,8655,10000,10000,2.26
券商指数ETF,515850,1.283,9946,9997,行业，金融，证券,0.60%,富国基金,2020-02-21,证券公司指数,3610.57,11825,12196,11836,9392,10000,2.15
游戏传媒ETF,517770,1.011,9825,10005,主题，游戏，传媒,0.60%,浦银安盛基金,2021-12-03,SHS游戏传媒人民币指数,154.83,10264,12225,12830,10000,10000,0.214
沪深300ETF华安,515390,1.094,9973,10002,宽基，大盘股,0.20%,华安基金,2020-01-10,沪深300指数,2012.46,10449,10429,9794,9431,10000,2.34
恒生科技ETF华安,513580,0.597,9933,10000,跨境，香港，科技,0.60%,华安基金,2021-05-27,恒生科技指数,19455.22,11097,10835,10623,10000,10000,14.06
恒生科技ETF基金,513260,1.127,9921,10000,跨境，香港，科技,0.20%,汇添富基金,2022-09-13,恒生科技指数,2821.49,11136,10889,10000,10000,10000,6.05
科技ETF,159807,0.558,9929,10016,主题，新兴产业，科技,0.20%,易方达基金,2020-03-30,科技50指数,1304.07,9929,10201,9000,7618,10000,5.51
5G50ETF,159811,1.066,9780,10022,主题，新兴产业，5G,0.55%,博时基金,2020-04-22,5G50指数,1229.45,9735,12706,10978,8745,10000,2.3
人工智能AIETF,515070,1.111,9789,9997,主题，新兴产业，人工智能,0.60%,华夏基金,2019-12-24,CS人工智能指数,6764.4,9578,12919,11110,8051,10000,14.89
饮食ETF,159736,0.89,10000,9980,行业，食品饮料,0.60%,天弘基金,2021-09-27,CS食品饮指数,6352.19,10633,9428,9388,10000,10000,53.5
可选消费ETF,159936,1.74,9932,9995,行业，消费,0.60%,广发基金,2014-06-25,全指可选,96.27,10205,10450,9534,9903,13252,2.07
房地产ETF基金,515060,0.876,10034,10000,行业，金融，房地产,0.60%,华夏基金,2020-01-03,房地产指数,5037.94,11019,9532,9605,8111,10000,7.41
VRETF,159786,0.755,9805,9997,主题，增强现实,0.60%,银华基金,2021-08-06,中证VR指数,1278.59,9630,11742,9473,10000,10000,2.05
恒生科技指数ETF,159742,0.602,9918,10000,跨境，香港，科技,0.65%,博时基金,2021-05-25,恒生科技指数,15459.57,11087,10847,10636,10000,10000,9.49
央企科技引领ETF,562380,0.963,9897,10000,,0.60%,银华基金,2023-07-06,央企科技引领指数,3353.29,9727,10000,10000,10000,10000,15.94
智能网联汽车ETF,159872,0.916,9871,9989,主题，车联网,0.60%,鹏华基金,2021-07-01,CS车联网指数,87.39,9871,11699,9356,10000,10000,0.577
油气ETF,159697,0.985,9939,10000,,0.60%,鹏华基金,2023-05-04,国证油气指数,1149.02,9980,10000,10000,10000,10000,1.26
光伏ETF,159857,0.972,9959,10018,主题，光伏，新兴产业,0.60%,天弘基金,2021-02-24,光伏产业指数,13829.71,9710,8437,6850,10000,10000,24.44
H股ETF基金,159823,0.717,9945,10000,跨境，香港，中概股,0.20%,嘉实基金,2020-10-23,恒生中国企业指数,63.93,10544,10302,10346,10000,10000,0.3
科技100ETF,515580,0.798,9901,9989,主题，新兴产业，科技,0.60%,华泰柏瑞基金,2019-10-28,科技100指数,1276.49,9767,11053,9987,10038,10000,5.0
央企结构调整ETF,512960,1.278,9946,10001,主题，央企,0.20%,博时基金,2019-01-18,结构调整指数,3705.83,10119,11425,10987,12030,10000,54.39
电池30ETF,159757,0.666,9970,10018,主题，新兴产业，新能源车，电池,0.60%,景顺长城基金,2021-08-09,新能电池指数,3464.14,10215,9302,7011,10000,10000,5.18
香港消费ETF,513590,0.757,9961,9997,跨境，香港，消费,0.60%,鹏华基金,2021-08-19,HKC消费港元指数,288.45,10799,10107,10313,10000,10000,0.685
500ETF基金,512500,3.257,9927,10004,宽基，中小盘,0.60%,华夏基金,2015-05-29,中证500指数,20347.07,10115,10426,9702,9546,13425,50.96
800ETF,515800,1.125,9965,10009,宽基，综合,0.20%,汇添富基金,2019-12-16,中证800指数,14320.83,10378,10465,9825,9305,10000,19.57
中证500ETF,159922,6.26,9919,10005,宽基，中小盘,0.20%,嘉实基金,2013-03-15,中证500指数,60667.92,10126,10446,9733,9621,13827,64.18
恒生消费ETF,513970,0.95,10074,10000,跨境，香港，消费,0.65%,景顺长城基金,2023-04-21,恒生消费指数,1216.61,10686,10000,10000,10000,10000,3.34
恒生ETF,513660,2.214,9995,10000,跨境，香港,0.60%,华夏基金,2015-01-26,香港恒生指数,8831.73,10336,10128,10508,9033,8642,46.78
大数据ETF,159739,1.061,9770,9992,主题，TMT，互联网,0.60%,鹏华基金,2021-11-17,云计算指数,1441.52,9541,13726,13797,10000,10000,1.7
纳斯达克100ETF,159659,1.214,9984,10000,跨境，美国,0.65%,招商基金,2023-04-25,纳斯达克100指数,969.48,10066,10000,10000,10000,10000,0.677
港股互联网ETF,513770,0.836,10012,10028,跨境，香港，互联网,0.60%,华宝基金,2022-02-18,HKC互联网指数,28263.44,11117,9554,10170,10000,10000,16.8
电力指数ETF,562350,0.987,9880,9982,行业，电力,0.60%,银华基金,2022-07-12,电力指数,535.19,9763,10624,10324,10000,10000,0.477
稀土ETF易方达,159715,0.683,9927,10003,主题，稀土,0.20%,易方达基金,2021-09-10,稀土产业指数,1125.83,9702,9884,7951,10000,10000,2.42
恒生红利ETF,513950,1.018,9980,10000,跨境，香港,0.60%,富国基金,2023-04-28,恒生港股通高股息低波动指数,2227.89,10150,10000,10000,10000,10000,0.771
机器人ETF,159770,0.839,9871,9999,主题，新兴产业，机器人,0.60%,天弘基金,2021-11-08,机器人指数,936.18,9644,11901,9644,10000,10000,1.3
医疗ETF,159828,0.522,10136,9969,行业，医药,0.60%,国泰基金,2021-01-12,中证医疗指数,10165.56,10116,8259,7826,10000,10000,22.19
稀土ETF,159713,0.765,9922,9999,主题，稀土,0.60%,富国基金,2021-08-16,稀土产业指数,2706.46,9696,9846,7870,10000,10000,3.0
通信ETF,159695,1.031,9773,10000,,0.60%,嘉实基金,2023-05-10,国证通信指数,661.61,9467,10000,10000,10000,10000,0.376
中证500ETF易方达,510580,0.733,9946,10030,宽基，中小盘,0.20%,易方达基金,2015-09-14,中证500指数,2078.72,10166,10516,9826,10209,14288,21.83
地产ETF,159707,0.868,10070,9994,行业，金融，房地产,0.60%,华宝基金,2021-11-12,800地产指数,7795.37,10946,9486,9623,10000,10000,2.9
光伏50ETF,159864,0.726,9959,10001,主题，光伏，新兴产业,0.60%,国泰基金,2021-08-10,光伏产业指数,3231.07,9693,8511,6934,10000,10000,6.09
双创ETF,588300,0.576,10017,10005,宽基，中小盘,0.60%,招商基金,2021-07-05,科创创业50指数,4387.6,10052,9320,8397,10000,10000,16.95
中证500ETF鹏华,159982,1.466,9885,10001,宽基，中小盘,0.20%,鹏华基金,2020-02-20,中证500指数,860.99,10131,10509,9859,10981,10000,4.16
中证500指数ETF,512510,1.635,9921,10005,宽基，中小盘,0.20%,华泰柏瑞基金,2015-06-12,中证500指数,1136.21,10130,10548,9903,10487,15889,5.27
央视50ETF,159965,1.345,9978,9964,主题，ESG,0.60%,中融基金,2019-04-24,央视50指数,134.42,10197,10549,10402,9868,10000,0.919
浙商之江凤凰ETF,512190,1.77,9916,10057,主题，区域，浙江,0.60%,浙商证券资管,2019-09-09,凤凰50指数,4.22,10351,10498,10114,12716,10000,0.782
交运ETF,159662,0.988,9960,9990,主题，运输,0.60%,南方基金,2022-12-01,国证交运指数,3016.43,10102,9686,10000,10000,10000,1.27
软件龙头ETF,159899,0.92,9914,10010,主题，新兴产业，软件,0.60%,招商基金,2021-06-28,软件指数,3210.0,9967,12366,12218,10000,10000,1.82
大宗商品ETF,510170,0.834,9917,10000,行业，资源,0.70%,国联安基金,2011-01-25,上证商品指数,177.22,10134,10284,9246,14756,20000,1.71
医疗设备ETF,159873,0.673,10136,10024,行业，医药，医疗保健,0.60%,天弘基金,2021-03-29,医疗保健指数,1341.16,9670,8809,8695,10000,10000,2.17
智能车ETF,159888,1.01,9854,9980,主题，智能汽车,0.60%,华夏基金,2021-05-21,CS智汽车指数,4272.96,9768,11676,8860,10000,10000,1.13
化工龙头ETF,516220,0.763,9974,9985,行业，化工,0.60%,国泰基金,2021-03-10,细分化工指数,3458.79,10481,9350,7956,10000,10000,2.15
医疗创新ETF,516820,0.413,10147,9996,行业，医药,0.60%,平安基金,2021-07-01,CS医药创新指数,6667.95,10123,7807,7121,10000,10000,12.01
恒生科技ETF指数,513380,1.084,9918,10000,跨境，香港，科技,0.60%,广发基金,2022-05-12,恒生科技指数,18361.23,11050,10743,10285,10000,10000,18.78
农牧ETF,159616,0.792,9912,9977,主题，农牧,0.60%,建信基金,2022-08-08,农牧主题指数,420.64,10246,8969,8008,10000,10000,1.02
创新药沪深港ETF,517110,0.607,10219,9996,行业，医药,0.60%,国泰基金,2021-09-30,SHS创新药人民币指数,445.67,10134,8696,8326,10000,10000,1.62
恒生科技HKETF,513890,0.867,9931,10000,跨境，香港，科技,0.65%,上投摩根基金,2022-01-21,恒生科技指数,7064.71,11087,10878,10677,10000,10000,2.51
纳斯达克100ETF,513110,1.282,10000,10000,跨境，美国,1.00%,华泰柏瑞基金,2023-03-20,纳斯达克100指数,4334.62,10118,10000,10000,10000,10000,6.46
小盘价值ETF,159990,1.275,9914,9982,策略，价值,0.60%,银华基金,2020-01-20,小盘价值指数,171.74,10274,10723,10282,10935,10000,0.652
绿色电力ETF,159625,1.084,9909,9977,主题，新兴产业，新能源,0.60%,嘉实基金,2022-04-29,绿色电力指数,4211.62,9881,10353,9696,10000,10000,5.38
30年国债ETF,511090,102.06,10001,10000,,0.20%,鹏扬基金,2023-06-13,中债-30年期国债财富(总值)指数,12823.44,10081,10000,10000,10000,10000,2.92
稀有金属ETF基金,561800,0.658,9970,10020,主题，稀有金属,0.60%,华富基金,2021-08-24,CS稀金属指数,144.04,9865,8940,6763,10000,10000,1.07
消电ETF,561310,0.685,9856,10005,主题，消费电子,0.60%,国泰基金,2021-11-25,消费电子指数,599.21,9800,10925,9085,10000,10000,1.1
消费30ETF,510630,1.105,10009,10008,行业，消费，必选消费,0.60%,华夏基金,2013-05-08,上证消费指数,1354.07,10605,9201,9020,9376,20743,3.02
化工行业ETF,516570,0.799,9987,9992,行业，化工，石油化工,0.20%,易方达基金,2021-06-18,石化产业指数,387.9,10458,9804,8500,10000,10000,0.317
电子ETF,159997,0.972,9828,9993,行业，电子,0.60%,天弘基金,2020-03-20,CS电子指数,5457.11,9779,11315,9284,7684,10000,15.01
医疗保健ETF,516790,0.674,10045,9975,行业，医药，医疗保健,0.60%,华泰柏瑞基金,2021-08-23,医疗保健指数,696.72,9629,8719,8608,10000,10000,1.58
红利ETF,159708,0.788,9975,10000,策略，红利,0.48%,西部利得基金,2021-07-02,深证红利指数,1795.09,10549,10479,10521,10000,10000,1.82
港股通100ETF,513900,0.855,9965,10041,跨境，香港,0.70%,华安基金,2018-05-25,中华港股通精选100人民币指数,2399.7,10452,9930,10035,8399,8645,1.71
央企创新驱动ETF,515900,1.419,9902,9977,主题，央企,0.20%,博时基金,2019-12-18,央企创新指数,7096.95,10157,12087,11874,13939,10000,45.95
创业板ETF南方,159948,2.397,9996,10002,宽基，中小盘,0.20%,南方基金,2016-05-31,创业板指,908.29,10261,9565,8405,8300,15843,27.08
券商ETF,159842,1.005,9970,10002,行业，金融，证券,0.60%,银华基金,2021-03-19,证券公司指数,10454.58,11810,12108,11782,10000,10000,6.13
新能源车ETF,159806,0.659,9955,9991,主题，新兴产业，新能源车,0.60%,国泰基金,2020-03-20,CS新能车指数,4038.08,10076,9166,6893,14233,10000,18.98
MSCI中国A50ETF,560050,0.807,10000,10000,MSCI,0.60%,汇添富基金,2021-11-08,MSCI中国A50互联互通人民币指数,18524.23,10646,10037,9428,10000,10000,60.97
央企ETF,510060,2.139,10000,10000,主题，央企,0.60%,工银瑞信基金,2009-10-27,上证央企指数,336.72,10480,11014,11282,10760,12717,1.44
红利ETF博时,515890,1.312,9954,9999,策略，红利,0.20%,博时基金,2020-04-20,中证红利指数,980.25,10374,11063,11152,12830,10000,3.52
科创50ETF龙头,588060,0.612,9903,9997,宽基，中小盘，科创板,0.60%,广发基金,2021-07-29,科创50指数,5573.04,9653,9951,8171,10000,10000,12.74
科创新材料ETF,588010,0.768,9974,10005,主题，新材料，科创板,0.60%,博时基金,2022-10-26,科创材料指数,1816.5,9564,8403,10000,10000,10000,0.736
A50ETF,159601,0.812,10000,10014,MSCI,0.60%,华夏基金,2021-11-08,MSCI中国A50互联互通人民币指数,6421.59,10670,10062,9442,10000,10000,37.2
高股息ETF港股,159691,1.014,9980,10000,,0.52%,工银瑞信基金,2023-04-21,HK高股息港元指数,1234.9,10552,10000,10000,10000,10000,2.66
红利低波ETF基金,515300,1.413,9972,9999,策略，红利，低波动,0.60%,嘉实基金,2019-09-19,300红利LV指数,1885.24,10576,12067,12482,13381,10000,2.12
标普500ETF,159612,1.214,10025,10000,跨境，美国,0.75%,国泰基金,2022-05-20,标准普尔500指数,4167.73,10168,12213,11628,10000,10000,1.49
大数据产业ETF,516700,0.988,9831,9991,主题，新兴产业,0.60%,华宝基金,2021-05-19,中证数据指数,305.77,9734,12475,12258,10000,10000,0.38
AI人工智能ETF,512930,1.322,9793,10015,主题，新兴产业，人工智能,0.20%,平安基金,2019-08-23,CS人工智能指数,1788.48,9601,12923,11128,8659,10000,3.04
互联网金融ETF,516100,1.009,9980,9995,主题，金融科技,0.60%,华夏基金,2021-07-23,金融科技指数,907.51,10849,12488,12488,10000,10000,0.439
创业板ETF博时,159908,2.023,9985,9991,宽基，中小盘,0.60%,博时基金,2011-07-13,创业板指,1539.64,10269,9524,8363,8554,13052,17.09
中药50ETF,562390,1.117,9920,10016,行业，医药,0.60%,银华基金,2022-07-28,中证中药指数,1056.47,9964,10689,11445,10000,10000,0.806
军工ETF龙头,512680,1.074,9944,9993,行业，军工,0.60%,广发基金,2016-10-14,中证军工指数,10700.62,9538,9711,8490,8424,16781,44.3
半导体龙头ETF,159665,1.025,9913,10022,行业，半导体，芯片,0.52%,工银瑞信基金,2023-01-06,国证芯片指数,2374.77,9790,10000,10000,10000,10000,5.78
农业50ETF,159827,0.817,9927,9982,行业，农业,0.60%,银华基金,2020-12-18,中证农业指数,187.86,10136,9088,8113,10000,10000,1.42
香港医药ETF,513700,0.515,10158,9956,跨境，香港，医药,0.60%,鹏华基金,2021-08-06,HKC医药C人民币指数,12689.82,9942,8333,8941,10000,10000,7.6
数字经济ETF,159658,1.133,9887,9994,主题，数字经济,0.60%,华安基金,2022-10-12,数字经济指数,3022.1,10044,10569,10000,10000,10000,3.04
电力ETF,561560,1.112,9911,10009,行业，电力,0.60%,华泰柏瑞基金,2022-05-16,电力指数,4713.63,9797,10765,10530,10000,10000,6.11
金融地产ETF基金,512640,1.983,9985,9988,行业，金融，房地产,0.60%,嘉实基金,2014-07-25,中证金融指数,292.77,11047,11029,11423,9543,12440,0.7
龙头家电ETF,159730,0.895,9967,10038,行业，家电,0.60%,博时基金,2021-12-24,龙头家电指数,602.29,10034,10809,10229,10000,10000,0.423
线上消费ETF,159725,0.851,9838,10030,主题，线上消费,0.52%,工银瑞信基金,2021-07-02,线上消费指数,98.72,9594,12894,12333,10000,10000,0.423
300成长ETF,159656,0.932,10000,10006,策略，成长,0.60%,万家基金,2023-01-16,300成长指数,263.48,10402,10000,10000,10000,10000,1.37
医药创新ETF,560600,0.665,10106,9988,行业，医药,0.60%,方正富邦基金,2022-03-15,CS医药创新指数,203.39,10061,7778,7097,10000,10000,0.19
深证100ETF华安,159706,0.74,9973,10001,宽基，大盘股,0.20%,华安基金,2021-12-20,深证100指数,398.72,10321,9987,9024,10000,10000,0.637
绿色电力ETF,562960,1.026,9875,10000,,0.60%,易方达基金,2023-04-12,绿色电力指数,278.7,9753,10000,10000,10000,10000,0.214
绿电ETF,159669,1.004,9941,10005,主题，新兴产业，新能源,0.60%,国泰基金,2023-01-11,绿色电力指数,1126.94,9901,10000,10000,10000,10000,0.738
电力ETF指数基金,560580,0.984,9899,10000,行业，电力,0.60%,南方基金,2023-05-12,电力指数,645.33,9781,10000,10000,10000,10000,0.3
电力ETF基金,561700,0.979,9879,9991,行业，电力,0.60%,博时基金,2022-07-15,电力指数,1680.98,9780,10653,10393,10000,10000,2.17
材料ETF,159944,0.997,9930,9996,行业，原材料,0.60%,广发基金,2015-07-06,全指材料,226.31,10440,9775,8442,10517,13188,0.32
军工ETF易方达,512560,0.629,9984,10028,行业，军工,0.60%,易方达基金,2017-07-28,中证军工指数,7043.14,9559,9813,8616,9480,17718,6.97
科创创业ETF,588360,0.6,10000,10012,宽基，中小盘，科创板,0.60%,国泰基金,2021-07-06,科创创业50指数,3136.84,10067,9449,8487,10000,10000,5.59
基建ETF,159619,1.032,9961,9989,主题，基建,0.60%,国泰基金,2022-02-18,中证基建指数,3831.83,10218,12098,11754,10000,10000,3.34
科创创业50ETF,159783,0.567,9982,9995,宽基，中小盘,0.60%,华夏基金,2021-07-05,科创创业50指数,4431.45,10035,9310,8351,10000,10000,42.46
创大盘ETF,159991,0.457,9956,9976,宽基，中小盘,0.30%,招商基金,2020-04-24,创业大盘指数,464.18,10293,9158,8205,9001,10000,0.992
沪深300价值ETF,562320,1.096,9982,10010,,0.60%,银华基金,2023-01-12,300价值指数,1610.28,10620,10000,10000,10000,10000,1.52
机器人ETF基金,562360,0.912,9902,10010,主题，新兴产业，机器人,0.60%,银华基金,2021-10-15,机器人指数,414.8,9641,11875,9651,10000,10000,0.785
银行ETF天弘,515290,1.019,10030,9997,行业，金融，银行,0.60%,天弘基金,2020-12-28,中证银行指数,7749.95,10772,10648,10969,10000,10000,50.42
芯片龙头ETF,516640,0.645,9893,9995,行业，半导体，芯片,0.60%,富国基金,2021-08-27,芯片产业指数,7985.24,9714,10732,8487,10000,10000,11.27
矿业ETF,561330,1.033,9904,9987,行业，资源，有色金属,0.60%,国泰基金,2022-11-01,有色矿业指数,1551.22,10330,10330,10000,10000,10000,1.62
10年地方债ETF,511270,109.851,9999,10000,债券，地方政府债，利率债,0.35%,海富通基金,2018-11-22,上证10年地债指数,24909.1,10080,10401,10458,11261,10000,7.41
云50ETF,560660,1.006,9739,10006,行业，TMT，互联网,0.60%,新华基金,2021-08-25,云计算50指数,392.7,9491,13485,13631,10000,10000,0.663
港股科技ETF,513020,0.823,9988,10019,跨境，香港，科技,0.60%,国泰基金,2022-02-08,HKC科技人民币指数,5545.61,10786,10365,9694,10000,10000,2.74
科技创新ETF,159987,1.414,9909,10000,主题，新兴产业，科技,0.38%,银华基金,2019-11-18,创新100指数,61.85,9732,10428,9346,9458,10000,0.522
科创信息ETF,588260,1.107,9884,9976,行业，信息技术，科创板,0.60%,华安基金,2022-05-27,科创信息指数,2797.82,9609,11702,9946,10000,10000,3.02
恒生科技ETF基金,159741,0.592,9916,10000,跨境，香港，科技,0.70%,嘉实基金,2021-06-03,恒生科技指数,7546.12,11107,10882,10686,10000,10000,4.74
稀有金属ETF基金,159671,0.836,9929,9989,主题，稀有金属,0.52%,工银瑞信基金,2023-03-10,CS稀金属指数,3531.04,9835,10000,10000,10000,10000,10.23
恒生指数ETF,513600,2.158,9977,10000,跨境，香港,0.60%,南方基金,2015-01-26,香港恒生指数,4123.88,10340,10155,10547,8884,8345,5.67
证券ETF基金,512900,1.046,9943,9992,行业，金融，证券,0.60%,南方基金,2017-03-31,证券公司指数,9343.62,11833,12121,11740,8456,15337,69.73
恒生科技ETF,159740,0.589,9916,10000,跨境，香港，科技,0.60%,大成基金,2021-05-27,恒生科技指数,41905.6,11113,10807,10480,10000,10000,20.98
银行龙头ETF,515280,1.177,10017,9984,行业，金融，银行,0.60%,富国基金,2020-04-17,中证银行指数,1429.95,10749,10594,10888,10979,10000,0.49
饮料ETF,159789,0.85,10035,10016,行业，食品饮料，饮料,0.60%,建信基金,2021-12-20,饮料指数,136.93,10954,9861,10024,10000,10000,0.464
疫苗龙头ETF,561920,0.851,10204,9974,行业，医药，生物科技,0.60%,招商基金,2023-03-29,疫苗生物指数,67.39,10179,10000,10000,10000,10000,0.372
创50ETF,159681,0.927,9989,9996,宽基，中小盘,0.60%,鹏华基金,2023-01-03,创业板50指数,6239.93,10346,10000,10000,10000,10000,4.24
双创50ETF基金,159782,0.561,9982,9975,宽基，中小盘,0.60%,银华基金,2021-07-07,科创创业50指数,1171.56,10018,9288,8336,10000,10000,7.83
金融地产ETF,510650,2.19,9991,9985,行业，金融,0.60%,华夏基金,2013-05-08,上证金融指数,1034.0,10950,11162,11800,10972,13861,0.527
在线消费ETF,159728,0.866,9807,9994,主题，线上消费,0.60%,南方基金,2022-01-11,在线消费指数,243.74,9434,12849,11593,10000,10000,0.288
港股消费ETF,513230,0.839,9953,10027,跨境，香港，消费,0.60%,华夏基金,2022-01-24,HKC消费港元指数,328.95,10882,10194,10121,10000,10000,0.527
公司债ETF,511030,10.315,9981,10000,债券，公司债，信用债,0.33%,平安基金,2019-03-22,中债-中高等级公司债利差因子全价(总值)指数,30544.92,10039,10466,10190,10838,10000,54.22
证券指数ETF,560090,1.146,9974,10010,行业，金融，证券,0.60%,汇添富基金,2023-03-15,证券公司指数,5203.03,11863,10000,10000,10000,10000,14.18
粤港澳大湾区ETF,159983,1.12,9964,10007,主题，区域，大湾区,0.40%,华夏基金,2020-04-23,湾创100指数,63.65,10342,10351,10219,8833,10000,0.326
证券ETF华安,516200,1.016,9961,9997,行业，金融，证券,0.60%,华安基金,2021-03-22,证券公司指数,1654.69,11800,12038,11625,10000,10000,3.84
能源ETF基金,159945,0.986,9940,10005,行业，资源，能源,0.60%,广发基金,2015-07-06,全指能源,1068.65,9811,10717,10249,17329,14436,0.507
沪深300ETF,159919,4.113,9968,10006,宽基，大盘股,0.60%,嘉实基金,2012-05-28,沪深300指数,98285.96,10444,10402,9770,8886,13041,211.19
新能源车ETF华安,516660,0.946,9947,9989,主题，新兴产业，新能源车,0.60%,华安基金,2021-02-26,CS新能车指数,2549.79,10085,9061,6835,10000,10000,4.6
银行ETF优选,517900,0.99,10030,10019,行业，金融，银行,0.60%,招商基金,2022-03-25,银行AH人民币指数,8.8,10554,10217,10714,10000,10000,0.452
日本东证指数ETF,513800,1.234,9952,10000,跨境，日本,0.25%,南方基金,2019-06-25,东证指数,367.89,10140,11708,11981,12004,10000,1.02
港股通消费ETF,513960,1.227,9976,10006,跨境，香港，消费,0.60%,博时基金,2022-03-18,HKC消费港元指数,4508.41,10868,10132,10124,10000,10000,0.608
创业板ETF增强,159676,0.929,10011,10015,宽基，中小盘,0.80%,富国基金,2023-04-12,创业板指,743.2,10254,10000,10000,10000,10000,10.43
新材料ETF,516360,0.899,9978,9985,主题，新兴产业，新材料,0.60%,华宝基金,2021-05-13,新材料指数,415.1,10369,9453,7303,10000,10000,1.32
300ETF增强,561000,1.035,9933,10008,宽基，大盘股,0.60%,华安基金,2023-01-11,沪深300指数,737.32,10433,10000,10000,10000,10000,2.37
光伏50ETF,516880,0.954,9948,9997,主题，光伏，新兴产业,0.60%,银华基金,2021-01-18,光伏产业指数,3392.48,9675,8405,6849,10000,10000,10.82
互联网50ETF,517050,0.668,9940,9990,主题，互联网,0.60%,华泰柏瑞基金,2021-02-08,SHS互联网人民币指数,901.76,10520,11284,11577,10000,10000,5.76
必选消费ETF,512600,0.827,9988,9984,行业，消费，必选消费,0.60%,嘉实基金,2014-07-25,中证消费指数,2125.29,10575,9473,9251,9686,19986,4.44
创中盘88ETF,159804,1.185,9883,9973,策略，成长,0.40%,国寿安保基金,2020-03-31,创精选88指数,59.36,9533,10952,9826,9353,10000,1.54
创业板科技ETF,159773,0.735,9973,10000,主题，新兴产业，科技,0.60%,华泰柏瑞基金,2021-10-08,创科技指数,182.31,9919,9722,9097,10000,10000,0.642
医药ETF,159929,1.488,10102,9985,行业，医药,0.60%,汇添富基金,2013-09-16,中证医药指数,11184.11,9947,9057,8831,6007,9993,19.99
医药健康ETF,515960,0.834,10109,9979,行业，医药,0.60%,嘉实基金,2020-06-10,医药健康100指数,842.9,9882,8910,8642,6013,10000,2.86
食品饮料ETF,159843,0.809,9988,10001,行业，食品饮料,0.60%,招商基金,2021-02-05,国证食品指数,3247.91,10701,9747,9665,10000,10000,2.12
H股ETF港股通,159960,0.72,9959,10000,跨境，香港，中概股,0.60%,平安基金,2018-10-22,恒生中国企业指数,221.74,10450,10213,10557,8022,10000,3.94
恒生新经济ETF,513320,1.024,9981,10034,跨境，香港,0.60%,易方达基金,2022-03-21,恒生港股通新经济指数,2587.3,10779,10109,9508,10000,10000,0.488
战略新兴ETF,512770,1.444,9952,9984,主题，新兴产业,0.60%,华夏基金,2018-08-16,新兴成指,63.91,10227,9280,7681,7789,10000,2.68
山证红利ETF,515570,1.21,10033,10014,策略，红利,0.60%,山西证券,2020-04-09,红利潜力指数,2.77,10485,10522,10614,10708,10000,0.443
1000成长ETF,562520,1.007,9931,10015,策略，成长，价值,0.60%,华夏基金,2022-03-22,1000成长创新指数,200.95,9683,10381,9155,10000,10000,0.56
碳中和龙头ETF,512580,1.219,9984,10025,主题，环保，新兴产业,0.60%,广发基金,2017-02-28,中证环保指数,1546.57,10041,8924,7137,12301,16451,15.0
物联网50ETF,159895,0.822,9833,9997,主题，物联网,0.20%,易方达基金,2021-10-21,CS物联网指数,118.67,9716,11480,9786,10000,10000,0.363
消费ETF沪港深,517550,0.808,10012,10010,跨境，香港，消费,0.60%,招商基金,2022-02-08,SHS消费龙头人民币指数,214.98,10660,9495,9506,10000,10000,0.388
红利50ETF,159758,0.912,9945,10013,策略，红利，价值,0.60%,华夏基金,2021-12-28,红利质量指数,434.02,10167,10399,10305,10000,10000,2.02
科创芯片ETF华安,588290,1.148,9871,9981,行业，半导体，芯片，科创板,0.60%,华安基金,2022-10-26,科创芯片指数,10395.73,9349,11366,10000,10000,10000,11.71
医药ETF沪港深,517990,0.908,10157,10018,跨境，香港，医药,0.60%,招商基金,2022-05-19,沪港深500医药人民币指数,116.21,10191,8574,8369,10000,10000,0.26
新能源80ETF,516850,1.014,9961,10013,主题，新兴产业，新能源,0.60%,华夏基金,2021-03-19,中证新能指数,255.65,10010,8622,6702,10000,10000,0.965
价值100ETF,512040,1.882,9963,10010,策略，价值,0.70%,富国基金,2018-11-29,国信价值指数,1626.51,10178,11143,10742,12580,10000,2.94
云计算沪港深ETF,517390,0.962,9776,9979,跨境，香港，云计算,0.60%,天弘基金,2021-12-23,SHS云计算人民币指数,360.26,9639,12429,12895,10000,10000,0.311
网购ETF,517280,0.914,9913,9979,跨境，香港，线上消费,0.60%,天弘基金,2021-12-03,SHS线上消费人民币指数,1538.24,10328,11242,11584,10000,10000,0.408
文娱传媒ETF,516190,1.079,9703,9992,行业，TMT,0.60%,华夏基金,2021-09-17,文娱传媒指数,379.75,9809,12861,12907,10000,10000,0.179
港股通科技30ETF,159636,0.89,10068,10061,跨境，香港，科技,0.52%,工银瑞信基金,2022-07-20,港股通科技指数,4061.75,10934,9706,9663,10000,10000,22.98
物联网龙头ETF,159896,0.77,9859,10008,主题，物联网,0.60%,南方基金,2021-11-24,CS物联网指数,186.64,9722,11544,9872,10000,10000,0.698
新能源ETF,159875,0.657,9970,10009,主题，新兴产业，新能源,0.60%,嘉实基金,2021-08-17,中证新能指数,6120.01,10000,8690,6773,10000,10000,10.94
300增强ETF,561300,0.782,9987,10017,宽基，大盘股,1.10%,国泰基金,2021-12-10,沪深300指数,5772.34,10511,10497,9560,10000,10000,10.38
可持续发展ETF,515090,1.198,9992,10005,主题，ESG,0.60%,博时基金,2020-02-20,持续发展指数,759.56,10518,10611,10050,10555,10000,0.617
50ETF基金,510800,1.17,10000,10011,宽基，大盘股,0.60%,建信基金,2018-01-15,上证50指数,1040.43,10636,10218,9824,9021,13636,5.7
中证500增强ETF,560100,0.942,9916,10005,宽基，中小盘,0.55%,南方基金,2022-02-16,中证500指数,1126.66,9989,10443,9573,10000,10000,1.06
银行ETF基金,512700,1.215,10025,9995,行业，金融，银行,0.60%,南方基金,2017-07-26,中证银行指数,9035.53,10762,10649,10956,11106,14120,16.36
影视ETF,516620,1.05,9758,10026,主题，TMT，影视,0.60%,国泰基金,2021-11-05,中证影视指数,1546.93,10194,11254,11785,10000,10000,0.457
有色50ETF,516650,1.026,9875,9980,行业，资源，有色金属,0.60%,华夏基金,2021-06-21,细分有色指数,145.0,10353,10322,8807,10000,10000,0.549
光伏ETF基金,159863,0.766,9961,10012,主题，光伏，新兴产业,0.60%,鹏华基金,2021-03-11,光伏产业指数,1192.76,9708,8492,6983,10000,10000,3.02
港股通ETF,513990,0.844,9988,9997,跨境，香港,0.25%,招商基金,2020-08-18,港股通指数,352.47,10318,10132,10537,10000,10000,0.637
中小100ETF,159902,3.627,9921,9988,宽基，中小盘,0.60%,华夏基金,2006-09-05,中小板指,984.5,10069,9827,8542,8101,12875,7.2
杭州湾区ETF,512870,1.372,10000,10068,主题，区域，杭州,0.60%,南华基金,2019-02-22,杭州湾区指数,8.1,10148,9554,8417,8230,10000,0.435
TMTETF,512220,1.547,9847,10006,行业，TMT,0.60%,景顺长城基金,2014-08-19,TMT150指数,598.6,9760,11863,10481,8403,14128,5.16
政金债5年ETF,511580,103.052,10000,10000,债券，利率债，政金债,0.20%,招商基金,2022-12-14,政金债3-5指数,20578.55,10030,10262,10000,10000,10000,1.82
养老ETF,516560,0.837,9976,10012,主题，养老,0.60%,华宝基金,2021-09-16,养老产业指数,143.33,10109,9812,10060,10000,10000,0.688
绿色能源ETF,562010,0.905,9978,9982,主题，环保，新兴产业,0.60%,华宝基金,2023-01-03,绿色能源指数,124.9,10134,10000,10000,10000,10000,0.399
1000ETF,159629,2.582,9923,10006,宽基，中小盘,0.60%,富国基金,2022-08-03,中证1000指数,88069.05,9862,10302,9045,10000,10000,57.21
人工智能ETF,515980,0.96,9816,10040,主题，新兴产业，人工智能,0.60%,华富基金,2020-02-10,人工智能指数,5667.84,9533,12834,10959,7595,10000,6.88
大数据50ETF,516000,0.993,9832,9987,主题，新兴产业,0.60%,华夏基金,2021-03-01,中证数据指数,357.63,9707,12634,12366,10000,10000,0.623
智能驾驶ETF,516520,0.969,9838,9979,主题，智能汽车,0.60%,华泰柏瑞基金,2021-03-01,CS智汽车指数,1068.98,9758,11675,8989,10000,10000,1.19
港股消费ETF,159735,0.669,9941,10014,跨境，香港，消费,0.60%,银华基金,2021-06-04,HKC消费港元指数,2492.42,10843,10090,10167,10000,10000,1.35
港股科技ETF,159751,0.763,9961,9965,跨境，香港，科技,0.75%,鹏华基金,2021-12-28,HKC科技港币指数,565.97,10701,10242,9573,10000,10000,0.946
上证综指ETF,510760,1.093,9954,10012,宽基，综合,0.60%,国泰基金,2020-09-09,上证指数,3668.13,10263,10643,10510,10000,10000,4.91
价值ETF,510030,0.862,10023,10015,策略，价值,0.60%,华宝基金,2010-05-28,180价值指数,283.26,10721,11283,11463,11842,14991,1.63
高端装备ETF,516320,0.859,9965,9994,主题，装备制造,0.60%,华夏基金,2021-06-08,装备产业指数,399.37,10035,9513,7924,10000,10000,0.718
沪深300ESGETF,561900,0.819,9951,9985,主题，ESG,0.60%,招商基金,2021-07-15,300ESG指数,686.57,10433,10487,9927,10000,10000,0.632
国开0-3ETF,159651,101.795,10003,10000,债券，利率债，国开债,0.20%,平安基金,2022-11-16,中债-0-3年国开行债券全价(总值)指数,17835.29,10020,10149,10000,10000,10000,21.3
交运ETF,561320,0.944,9968,9994,主题，运输,0.60%,国泰基金,2022-12-08,内地运输指数,1338.58,10118,9692,10000,10000,10000,2.39
创业板价值ETF,159966,0.478,9979,10027,策略，低波动,0.60%,华夏基金,2019-07-15,创业蓝筹指数,248.35,10063,9958,9541,7740,10000,5.14
科技50ETF,515750,1.305,9894,10006,主题，新兴产业，科技,0.60%,富国基金,2019-12-06,中证科技指数,1344.94,9775,11579,10390,8323,10000,6.4
300ETF基金,510330,4.044,9975,10005,宽基，大盘股,0.60%,华夏基金,2013-01-16,沪深300指数,128704.57,10450,10425,9770,8887,12998,238.98
纳指生物科技ETF,513290,1.068,10056,10000,跨境，美国，生物科技,0.65%,汇添富基金,2022-08-29,纳斯达克生物科技指数,552.53,10056,10038,10000,10000,10000,1.01
中金科技先锋ETF,560990,0.879,9910,9982,策略，成长，动量,0.55%,中金基金,2022-06-27,科技先锋指数,1530.7,9865,10185,8834,10000,10000,0.549
疫苗ETF,159643,0.79,10246,10013,行业，医药，生物科技,0.60%,国泰基金,2022-08-22,疫苗生科指数,2172.19,10273,8369,10000,10000,10000,0.815
恒生国企ETF,159850,0.654,9970,10000,跨境，香港，中概股,0.65%,华夏基金,2021-02-19,恒生中国企业指数,3189.13,10565,10267,10431,10000,10000,5.29
化工ETF,516020,0.726,9986,10002,行业，化工,0.60%,华宝基金,2021-03-08,细分化工指数,4026.67,10507,9332,7900,10000,10000,5.78
国开ETF,159650,101.93,10000,10000,债券，利率债，国开债,0.20%,博时基金,2022-10-28,中债-0-3年国开行债券全价(总值)指数,310391.03,10020,10161,10000,10000,10000,57.97
国开债ETF,159649,102.342,10000,10000,债券，利率债，国开债,0.20%,华安基金,2022-10-24,中债-1-5年国开行债券全价(总值)指数,226685.83,10021,10211,10000,10000,10000,49.81
中证1000指数ETF,159633,2.573,9915,10002,宽基，中小盘,0.60%,易方达基金,2022-08-04,中证1000指数,91487.65,9858,10292,9024,10000,10000,53.17
中证1000ETF指数,560010,2.575,9923,10006,宽基，中小盘,0.60%,广发基金,2022-08-04,中证1000指数,90372.34,9847,10267,8990,10000,10000,43.84
央企现代能源ETF,561790,0.99,9890,10000,,0.60%,博时基金,2023-08-09,央企现代能源指数,69221.59,10000,10000,10000,10000,10000,19.94
央企能源ETF,562850,0.993,9890,10000,,0.60%,嘉实基金,2023-08-09,央企现代能源指数,60981.2,10000,10000,10000,10000,10000,20.0
能源ETF,561260,0.989,9870,10000,,0.60%,工银瑞信基金,2023-08-09,央企现代能源指数,51239.79,10000,10000,10000,10000,10000,19.99
5年地方债ETF,511060,103.24,10000,10000,债券，地方政府债，利率债,0.20%,海富通基金,2019-12-12,上证5年期地债指数,26966.37,10058,10326,10347,11147,10000,5.95
上证可转债ETF,511180,10.764,9981,10000,债券，可转债,0.30%,海富通基金,2020-08-26,上证投资级转债及可交换债指数,24120.08,10160,10465,9861,10000,10000,2.06
沪深300ETF泰康,515380,4.309,9965,10011,宽基，大盘股,0.45%,泰康资产,2020-03-23,沪深300指数,15205.38,10456,10461,9811,8996,10000,36.24
中证500ETF基金,510510,1.847,9925,9995,宽基，中小盘,0.60%,广发基金,2013-05-24,中证500指数,8168.82,10121,10417,9690,9521,13452,31.65
央企改革ETF,512950,1.317,9917,9979,主题，央企,0.20%,华夏基金,2019-01-18,结构调整指数,8125.27,10092,11412,10957,11973,10000,58.16
国泰中证500ETF,561350,0.898,9923,9987,宽基，中小盘,0.60%,国泰基金,2021-09-01,中证500指数,8024.23,10113,10454,9729,10000,10000,5.54
科创板ETF,588090,0.99,9890,9989,宽基，中小盘，科创板,0.60%,华泰柏瑞基金,2020-11-16,科创50指数,7772.11,9630,9940,8278,10000,10000,39.36
创50ETF,588380,0.575,10017,9993,宽基，中小盘,0.60%,富国基金,2021-07-06,科创创业50指数,7809.2,10035,9334,8382,10000,10000,17.75
恒生互联网ETF,159688,0.937,10011,10000,跨境，香港，互联网,0.65%,华安基金,2023-02-15,恒生互联网科技业指数,7628.85,11063,10000,10000,10000,10000,4.72
恒生医疗ETF,159506,1.016,10263,10000,,0.60%,富国基金,2023-07-03,恒生港股通医疗保健指数,7460.3,10273,10000,10000,10000,10000,3.05
中证1000ETF基金,560110,0.924,9925,10008,宽基，中小盘,0.20%,汇添富基金,2022-08-08,中证1000指数,7163.63,9851,10313,9068,10000,10000,5.14
证券ETF东财,159692,1.121,9938,10000,行业，金融，证券,0.55%,东财基金,2023-05-23,证券公司30指数,6558.37,11701,10000,10000,10000,10000,3.97
央企红利50ETF,560700,1.027,9932,10000,,0.55%,广发基金,2023-06-06,央企股东回报指数,5889.42,10148,10000,10000,10000,10000,20.19
通信服务ETF,159511,0.959,9756,10000,,0.60%,南方基金,2023-08-07,800通信指数,5639.0,10000,10000,10000,10000,10000,2.46
央企红利ETF,561580,1.032,9971,10000,,0.60%,华泰柏瑞基金,2023-05-30,央企红利指数,5306.17,10299,10000,10000,10000,10000,19.92
5年地债ETF,159972,115.39,10002,10000,债券，地方政府债，利率债,0.20%,鹏华基金,2019-11-08,5年地债指数,5126.3,10036,10317,10399,11091,10000,33.44
1000增强ETF,159677,1.032,9923,10020,宽基，中小盘,0.60%,银华基金,2022-12-05,中证1000指数,4931.63,9942,10717,10000,10000,10000,8.06
央企创新ETF基金,515680,1.433,9910,9981,主题，央企,0.20%,嘉实基金,2019-12-18,央企创新指数,4914.48,10163,12144,11982,13980,10000,20.61
创业板ETF天弘,159977,2.276,10018,10018,宽基，中小盘,0.60%,天弘基金,2019-09-27,创业板R指数,4795.87,10271,9563,8399,8243,10000,66.45
新能源车龙头ETF,159637,0.747,9947,9983,主题，新兴产业，新能源车,0.55%,东财基金,2022-09-01,CS新能车指数,4420.62,10081,9143,10000,10000,10000,13.58
半导体设备材料ETF,159516,0.984,9919,10000,,0.60%,国泰基金,2023-07-27,半导体材料设备指数,4431.39,10000,10000,10000,10000,10000,13.44
双创ETF,159780,0.564,9982,9986,宽基，中小盘,0.60%,南方基金,2021-07-05,科创创业50指数,4196.11,10036,9307,8331,10000,10000,33.1
券商ETF基金,515010,1.198,9934,9977,行业，金融，证券,0.60%,华夏基金,2019-11-07,证券公司指数,4096.57,11803,12162,11826,8934,10000,8.83
科创50增强ETF,588460,0.963,9887,9967,宽基，中小盘，科创板,1.10%,鹏华基金,2023-01-05,科创50指数,4026.97,9525,10000,10000,10000,10000,6.4
沪深300成长ETF,562310,0.88,9977,9999,策略，成长,0.60%,银华基金,2022-09-09,300成长指数,4025.91,10377,9681,10000,10000,10000,13.12
央企科技ETF,560170,0.952,9937,10000,,0.60%,南方基金,2023-07-06,央企科技引领指数,4008.67,9724,10000,10000,10000,10000,20.02
港股科技30ETF,513160,0.802,9988,10021,跨境，香港，科技,0.60%,银华基金,2022-02-09,恒生港股通中国科技指数,3566.72,10539,10178,9988,10000,10000,0.58
0-4地债ETF,159816,107.13,10009,10000,债券，利率债，地方政府债,0.20%,鹏华基金,2020-09-04,0-4年地债指数,3477.61,10066,10193,10259,10000,10000,15.06
有色60ETF,159881,1.032,9914,9992,行业，资源，有色金属,0.60%,国泰基金,2021-07-01,中证有色指数,3453.47,10299,10330,8738,10000,10000,1.6
医疗器械ETF招商,159898,0.575,10088,9998,行业，医药，医疗器械,0.60%,招商基金,2021-06-04,医疗器械指数,3455.0,9457,8752,8673,10000,10000,2.52
港股通科技ETF,513860,0.532,9981,10022,跨境，香港，科技,0.60%,海富通基金,2021-07-02,HKC科技港币全收益指数,3281.74,10769,10290,9673,10000,10000,4.92
碳中和50ETF,159861,1.084,9982,10010,主题，环保，新兴产业,0.60%,国泰基金,2021-04-02,环保50指数,3114.19,10065,8922,7179,10000,10000,2.94
银行业ETF,512820,1.16,10017,9987,行业，金融，银行,0.60%,汇添富基金,2018-11-23,中证银行指数,2977.5,10751,10632,10913,10801,10000,4.29
双碳ETF,561190,0.816,9963,10001,主题，环保，新兴产业,0.60%,富国基金,2022-07-19,SEEE碳中和指数,3030.99,10435,10099,8599,10000,10000,11.81
创业大盘ETF,159814,0.417,10024,10031,宽基，中小盘,0.60%,西部利得基金,2020-07-17,创业大盘指数,2782.71,10347,9165,8129,8146,10000,5.25
消费电子龙头ETF,561100,0.744,9854,10001,主题，消费电子,0.60%,富国基金,2022-02-08,消费电子指数,2752.77,9828,10877,9029,10000,10000,2.35
一带一路国企ETF,515110,1.312,9932,10010,主题，国企，一带一路,0.20%,易方达基金,2020-01-15,国企带路指数,2583.45,10100,11419,10693,12813,10000,3.12
化工50ETF,516120,0.734,10000,9997,行业，化工,0.60%,富国基金,2021-03-09,细分化工指数,2613.87,10501,9350,7927,10000,10000,2.07
纳斯达克100指数ETF,159513,0.976,9980,10000,跨境，美国,1.05%,大成基金,2023-07-28,纳斯达克100指数,2535.82,10000,10000,10000,10000,10000,3.92
1000增强ETF天弘,159685,0.964,9897,9993,宽基，中小盘,0.60%,天弘基金,2023-04-03,中证1000指数,2482.84,9728,10000,10000,10000,10000,0.439
央企创新ETF,515600,1.418,9923,9994,主题，央企,0.20%,广发基金,2019-12-18,央企创新指数,2507.22,10172,12109,11856,14194,10000,28.02
全球互联ETF,513220,0.969,9979,10000,跨境，中概股,0.65%,招商基金,2022-07-15,全球中国互联网人民币指数,2528.86,11074,10298,10684,10000,10000,0.671
光伏30ETF,560980,0.787,9962,9985,主题，光伏，新兴产业,0.60%,广发基金,2022-11-29,光伏龙头30指数,2543.85,9740,8444,10000,10000,10000,1.35
科创50增强策略ETF,588370,0.95,9927,10021,宽基，中小盘，科创板,0.60%,南方基金,2022-12-13,科创50指数,2410.97,9606,9948,10000,10000,10000,1.96
双创龙头ETF,588330,0.57,9982,9989,宽基，中小盘,0.60%,华宝基金,2021-07-06,科创创业50指数,2375.09,10035,9360,8407,10000,10000,9.63
证券公司ETF,516730,0.931,9894,9973,行业，金融，证券,0.60%,浦银安盛基金,2021-11-12,证券公司30指数,2342.82,11725,11936,11580,10000,10000,1.01
碳中和100ETF,562990,0.815,9951,9980,主题，环保，新兴产业,0.60%,易方达基金,2022-07-19,SEEE碳中和指数,2301.01,10395,10074,8552,10000,10000,19.45
中证1000指数ETF,516300,1.046,9924,10008,宽基，中小盘,0.60%,华泰柏瑞基金,2021-03-24,中证1000指数,2173.88,9887,10450,9175,10000,10000,1.22
银行ETF华夏,515020,1.201,10017,9988,行业，金融，银行,0.60%,华夏基金,2019-12-03,中证银行指数,2158.35,10762,10704,11039,11833,10000,6.08
新能车ETF,159824,0.993,9970,9993,主题，新兴产业，新能源车,0.60%,博时基金,2021-01-11,CS新能车指数,2244.28,10102,9177,6930,10000,10000,3.2
新材料50ETF,159761,0.649,9969,9992,主题，新兴产业，新材料,0.60%,国泰基金,2021-12-13,新材料指数,2205.13,10401,9502,7309,10000,10000,2.39
央企股东回报ETF,560070,1.026,9942,10000,,0.60%,汇添富基金,2023-06-06,央企股东回报指数,2197.87,10138,10000,10000,10000,10000,20.16
500ETF增强,159610,0.829,9916,10001,宽基，中小盘,0.60%,景顺长城基金,2022-01-10,中证500指数,2133.77,10048,10601,9617,10000,10000,5.21
央企ETF,159959,1.41,9937,9989,主题，央企,0.20%,银华基金,2019-01-18,结构调整指数,2072.42,10100,11408,10981,12261,10000,29.96
证券ETF易方达,512570,1.046,9943,9987,行业，金融，证券,0.60%,易方达基金,2017-08-11,证券公司指数,2118.94,11819,12121,11779,8695,15405,2.54
消费ETF龙头,560680,1.072,10000,10010,行业，消费,0.60%,广发基金,2022-10-31,中证消费指数,1977.24,10562,9371,10000,10000,10000,0.493
医药50ETF,512120,0.471,10086,9970,行业，医药,0.60%,华安基金,2014-01-06,细分医药指数,1950.48,10000,9058,8611,5541,9587,3.1
证券ETF建信,515560,0.956,9917,9989,行业，金融，证券,0.25%,建信基金,2020-07-20,证券公司指数,1982.57,11802,12086,11773,8747,10000,3.98
上海国企ETF,510810,0.858,9965,9997,主题，国企，区域,0.55%,汇添富基金,2016-08-29,上海国企指数,2042.85,10580,10986,10833,9186,10400,70.38
碳中和ETF环交所,560550,0.808,9963,9993,主题，环保，新兴产业,0.60%,广发基金,2022-07-19,SEEE碳中和指数,2017.0,10372,10037,8559,10000,10000,8.23
电信ETF,159507,0.943,9782,10000,,0.60%,广发基金,2023-06-21,国证通信指数,1967.14,9421,10000,10000,10000,10000,5.68
工银沪深300ETF,510350,4.249,9981,9999,宽基，大盘股,0.55%,工银瑞信基金,2019-08-16,沪深300指数,1873.44,10448,10460,9797,8958,10000,25.41
500ETF增强,560950,1.007,9921,10000,宽基，中小盘,0.90%,汇添富基金,2023-07-31,中证500指数,1924.04,10000,10000,10000,10000,10000,9.6
国证2000ETF,159907,1.507,9888,9978,宽基，中小盘,0.60%,广发基金,2011-08-10,中小300指数,1870.9,9773,9805,8666,8414,13093,5.43
电子50ETF,515320,0.725,9877,10019,行业，电子,0.60%,华安基金,2021-01-08,电子50指数,1889.73,9891,11086,9283,10000,10000,2.54
中国A50ETF,159602,0.809,9988,9996,MSCI,0.60%,南方基金,2021-11-08,MSCI中国A50互联互通人民币指数,1891.96,10673,10000,9418,10000,10000,15.31
机械ETF,159886,0.939,9968,10019,行业，机械,0.60%,富国基金,2021-04-28,细分机械指数,1778.04,10173,9418,7793,10000,10000,0.897
港股通科技50ETF,513150,0.843,9953,9991,跨境，香港，科技,0.60%,华泰柏瑞基金,2022-02-11,HKC科技港币指数,1755.12,10766,10280,9525,10000,10000,1.15
银行ETF易方达,516310,0.925,10033,9991,行业，金融，银行,0.20%,易方达基金,2021-05-28,中证银行指数,1668.01,10756,10718,11065,10000,10000,1.36
中证100ETF招商,159631,0.962,10000,10015,宽基，大盘股,0.60%,招商基金,2022-08-26,中证100指数,1687.0,10457,10445,10000,10000,10000,2.42
中证1000增强ETF,159679,0.952,9958,10023,宽基，中小盘,1.10%,国泰基金,2023-02-22,中证1000指数,1614.17,10000,10000,10000,10000,10000,11.81
家电ETF龙头,560880,1.159,9914,10023,行业，家电,0.60%,广发基金,2022-04-12,家用电器指数,1585.23,9914,11296,10423,10000,10000,9.43
农业50ETF,516810,0.763,9909,9978,行业，农业,0.60%,华夏基金,2022-01-11,中证农业指数,1590.67,10133,9127,8091,10000,10000,1.8
沪深300价值ETF申万菱信,560330,1.025,9981,10000,,0.60%,申万菱信基金,2023-05-23,300价值指数,1574.91,10567,10000,10000,10000,10000,2.8
沪深300ETF基金,510360,1.435,9979,10012,宽基，大盘股,0.60%,广发基金,2015-09-09,沪深300指数,1545.14,10459,10452,9762,9105,13525,19.49
沪深300ETF博时,515130,1.219,9984,10014,宽基，大盘股,0.20%,博时基金,2020-05-11,沪深300指数,1518.48,10419,10410,9752,9713,10000,0.789
科创50ETF南方,588150,0.675,9912,10011,宽基，中小盘，科创板,0.60%,南方基金,2021-12-20,科创50指数,1485.72,9657,9985,8323,10000,10000,2.12
沪港深创新药ETF,159748,0.627,10228,9970,行业，医药,0.60%,富国基金,2021-12-03,SHS创新药人民币指数,1526.39,10146,8660,8338,10000,10000,2.42
国货ETF,561130,0.806,9975,9994,主题，国产品牌,0.60%,富国基金,2021-10-18,品牌工程指数,1472.82,10360,10281,9607,10000,10000,2.1
双碳ETF,159641,0.829,9976,9998,主题，环保，新兴产业,0.60%,招商基金,2022-07-22,SEEE碳中和指数,1546.61,10441,10134,8662,10000,10000,4.62
中证500价值ETF,562330,1.001,9940,10000,,0.60%,银华基金,2023-04-18,500价值指数,1522.52,10515,10000,10000,10000,10000,0.725
工银上证50ETF,510850,2.916,9983,9997,宽基，大盘股,0.60%,工银瑞信基金,2019-03-06,上证50指数,1366.61,10654,10278,9881,8746,10000,2.08
金融地产ETF,159940,1.007,10010,9993,行业，金融,0.60%,广发基金,2015-04-17,全指金融,1436.44,11139,11005,11302,9155,12763,18.14
碳中和ETF南方,159639,0.815,9976,10000,主题，环保，新兴产业,0.60%,南方基金,2022-07-19,SEEE碳中和指数,1402.24,10435,10099,8606,10000,10000,13.07
A100ETF,561180,1.049,9981,9990,宽基，大盘股,0.60%,富国基金,2022-11-21,中证100指数,1345.37,10417,10315,10000,10000,10000,4.95
摩根MSCIAETF,515770,1.163,9974,10000,MSCI,0.20%,上投摩根基金,2020-06-19,MSCI中国A股人民币指数,1251.85,10384,10184,9502,9604,10000,0.952
光伏龙头ETF,159609,0.671,9955,10011,主题，光伏，新兴产业,0.60%,浦银安盛基金,2022-07-08,光伏产业指数,1265.36,9697,8409,6805,10000,10000,2.79
ESG300ETF,560180,0.985,10000,10000,主题，ESG,0.60%,南方基金,2023-04-21,300ESG指数,1258.58,10490,10000,10000,10000,10000,1.89
创新药ETF沪港深,159622,0.903,10227,10000,行业，医药,0.55%,东财基金,2023-05-09,SHS创新药人民币指数,1338.51,10180,10000,10000,10000,10000,2.38
工银中证500ETF,510530,6.244,9905,9981,宽基，中小盘,0.52%,工银瑞信基金,2020-01-03,中证500指数,1226.92,10113,10393,9649,9336,10000,2.61
基本面50ETF,512750,1.225,10016,9997,策略，价值,0.60%,嘉实基金,2019-07-05,基本面50指数,1237.6,10560,11535,12057,11622,10000,1.24
科技龙头ETF,516050,0.652,9894,10036,主题，新兴产业，科技,0.52%,工银瑞信基金,2021-02-05,科技龙头指数,1186.49,9645,10903,9688,10000,10000,5.0
中证800ETF,515810,1.236,9920,10016,宽基，综合,0.20%,易方达基金,2019-10-25,中证800指数,1170.77,10378,10510,9841,9559,10000,1.72
沪港深创新药ETF,517120,0.557,10183,9989,行业，医药,0.60%,华泰柏瑞基金,2021-07-19,SHS创新药人民币指数,1157.39,10164,8799,8504,10000,10000,3.5
碳中和龙头ETF,159640,0.815,9963,9998,主题，环保，新兴产业,0.55%,工银瑞信基金,2022-07-21,SEEE碳中和指数,1216.72,10409,10012,8516,10000,10000,3.89
疫苗ETF基金,159646,0.79,10207,9971,行业，医药，生物科技,0.60%,华泰柏瑞基金,2022-08-22,疫苗生科指数,1157.78,10220,8386,10000,10000,10000,0.265
中证500ETF博时,159968,7.148,9918,10001,宽基，中小盘,0.20%,博时基金,2019-10-31,中证500指数,1126.81,10133,10495,9812,10379,10000,7.77
创业板增强ETF,159675,0.886,10000,10007,宽基，中小盘,0.60%,嘉实基金,2022-12-02,创业板指,1111.06,10126,8851,10000,10000,10000,1.96
食品饮料ETF华安,516900,0.785,10000,10018,行业，食品饮料,0.60%,华安基金,2021-04-28,食品饮料指数,1067.06,10695,9515,9424,10000,10000,0.55
电池ETF基金,562880,0.657,9985,10011,主题，新兴产业，新能源车，电池,0.60%,嘉实基金,2021-07-20,CS电池指数,1141.11,9939,8737,6704,10000,10000,3.41
稀有金属ETF,159608,0.67,9955,10014,主题，稀有金属,0.60%,广发基金,2021-12-23,CS稀金属指数,1054.54,9853,9017,6768,10000,10000,2.27
科创板新材料ETF,588160,0.771,9948,9977,主题，新材料，科创板,0.60%,南方基金,2022-10-26,科创材料指数,1143.63,9601,8463,10000,10000,10000,0.917
中证500ETF泰康,515530,3.195,9935,10011,宽基，中小盘,0.45%,泰康资产,2020-11-09,中证500指数,973.23,10127,10400,9705,10000,10000,0.769
上证50ETF博时,510710,3.475,9997,10005,宽基，大盘股,0.40%,博时基金,2015-06-15,上证50指数,1002.47,10650,10269,9906,9026,13103,5.62
中证1000增强ETF,561590,0.984,9889,9980,宽基，中小盘,0.80%,华泰柏瑞基金,2022-12-12,中证1000指数,959.39,9723,10380,10000,10000,10000,5.17
证券ETF基金,159848,0.846,9930,9985,行业，金融，证券,0.55%,国联安基金,2021-03-12,证券公司指数,1047.94,11766,12017,11701,10000,10000,0.905
云计算50ETF,516630,1.096,9786,9993,主题，TMT，互联网,0.60%,华夏基金,2021-09-03,云计算指数,1037.29,9564,13838,13891,10000,10000,0.705
新能源50ETF,516270,0.644,9969,9987,主题，新兴产业，新能源,0.60%,华安基金,2021-07-23,新能源指数,1049.48,9938,8656,6639,10000,10000,2.83
科创创业50ETF,588390,0.62,9984,9995,宽基，中小盘，科创板,0.60%,博时基金,2021-08-30,科创创业50指数,1007.88,10032,9295,8311,10000,10000,3.05
创新药沪港深ETF,517380,0.593,10207,10000,行业，医药,0.60%,天弘基金,2021-08-09,恒生沪深港创新药精选50指数,982.82,10137,8657,8644,10000,10000,2.53
国企共赢ETF,159719,1.356,9956,9986,主题，国企,0.30%,平安基金,2021-12-28,富时中国国企开放共赢指数,960.85,10119,12951,13242,10000,10000,2.08
泰康公卫健康ETF,159760,0.675,10135,9996,行业，医药，公共卫生,0.60%,泰康资产,2021-12-20,公卫健康指数,994.75,10000,8917,8632,10000,10000,1.17
医药卫生ETF,510660,2.443,10078,9984,行业，医药,0.60%,华夏基金,2013-05-08,上证医药指数,917.23,9907,9364,9126,7758,13633,1.1
中证银行ETF,512730,1.177,10026,9973,行业，金融，银行,0.40%,鹏华基金,2020-02-07,中证银行指数,948.22,10739,10652,11031,11889,10000,1.28
银行ETF华安,516210,0.977,10021,9989,行业，金融，银行,0.60%,华安基金,2021-09-24,中证银行指数,909.51,10736,10574,10760,10000,10000,2.15
国企一带一路ETF,515990,1.298,9931,10011,主题，国企，一带一路,0.20%,汇添富基金,2020-01-15,国企带路指数,862.73,10070,11258,10502,12234,10000,1.37
有色ETF基金,159880,1.065,9898,9996,行业，资源，有色金属,0.60%,鹏华基金,2021-03-25,国证有色指数,881.31,10462,10380,8794,10000,10000,0.806
有色金属ETF,159871,1.095,9901,9990,行业，资源，有色金属,0.60%,银华基金,2021-03-31,中证有色指数,867.99,10282,10243,8636,10000,10000,0.714
300ESGETF,516830,0.81,9951,10003,主题，ESG,0.60%,富国基金,2021-07-05,300ESG指数,933.61,10492,10519,9926,10000,10000,2.15
央企科技50ETF,563050,0.959,9917,10000,,0.60%,易方达基金,2023-07-06,央企科技引领指数,946.9,9716,10000,10000,10000,10000,12.34
民生加银300ETF,515350,4.995,9966,10010,宽基，大盘股,0.20%,民生加银基金,2020-02-07,沪深300指数,794.78,10452,10461,9821,10157,10000,1.12
MSCI中国A股ETF,512160,1.168,9983,10011,MSCI,0.60%,南方基金,2018-04-27,MSCI中国A股国际通指数,833.6,10410,10301,9617,9740,16104,3.44
MSCI中国ETF招商,515160,1.263,9976,10002,MSCI,0.60%,招商基金,2020-03-02,MSCI中国A股国际通指数,829.72,10387,10235,9619,9612,10000,8.02
A50ETF基金,512550,1.433,9972,10000,宽基，大盘股,0.60%,嘉实基金,2017-08-07,富时中国A50指数,831.34,10678,10445,10077,9696,14943,2.58
MSCI中国ETF,512380,1.32,9970,10000,MSCI,0.60%,银华基金,2019-04-30,MSCI中国A股本地指数,796.55,10386,10217,9656,10209,10000,1.69
科技100ETF,159853,0.872,9920,10008,主题，新兴产业，科技,0.20%,南方基金,2021-10-15,科技100指数,757.25,9776,10996,9864,10000,10000,0.317
上证券商ETF,510200,1.216,9943,9999,行业，金融，证券,0.60%,汇安基金,2020-05-08,上证证券指数,795.38,11898,12510,12358,9157,10000,0.747
智能消费ETF,515920,0.761,9935,10029,行业，消费,0.60%,博时基金,2021-01-20,CS智消费指数,845.11,9987,11175,9883,10000,10000,2.22
180ESGETF,510990,0.862,9965,9994,主题，ESG,0.55%,工银瑞信基金,2021-07-01,180ESG指数,812.06,10538,10436,10070,10000,10000,0.58
有色50ETF,159652,0.911,9913,9990,行业，资源，有色金属,0.60%,汇添富基金,2023-02-08,细分有色指数,774.3,10364,10000,10000,10000,10000,3.2
新能源龙头ETF,159752,0.658,9970,10005,主题，新兴产业，新能源,0.60%,申万菱信基金,2021-07-28,新能源指数,785.75,10030,8590,6653,10000,10000,3.6
消费50ETF,159798,0.99,9980,10009,行业，消费,0.60%,易方达基金,2022-05-11,CS消费50指数,818.46,10521,9630,9456,10000,10000,0.541
碳中和100ETF,159642,0.824,9976,10003,主题，环保，新兴产业,0.60%,大成基金,2022-07-21,SEEE碳中和指数,781.57,10430,10110,8601,10000,10000,1.84
疫苗生物ETF,561710,0.761,10228,9971,行业，医药，生物科技,0.60%,博时基金,2022-11-25,疫苗生物指数,828.63,10174,8290,10000,10000,10000,0.697
央企回报ETF,561960,1.026,9923,10000,,0.60%,招商基金,2023-06-06,央企股东回报指数,840.55,10148,10000,10000,10000,10000,20.16
财富管理ETF,159503,1.146,9957,10000,,0.60%,鹏扬基金,2023-07-20,财富管理指数,771.73,10000,10000,10000,10000,10000,3.12
沪深300ETF南方,159925,1.993,9970,10016,宽基，大盘股,0.60%,南方基金,2013-04-11,沪深300指数,734.37,10451,10462,9803,9184,14155,15.96
沪深300指数ETF,515310,1.13,9974,10020,宽基，大盘股,0.20%,汇添富基金,2019-12-25,沪深300指数,657.44,10473,10463,9775,9448,10000,0.565
长三角ETF,512650,1.013,9990,9998,主题，区域，长三角,0.20%,汇添富基金,2019-10-25,CS长三角指数,674.42,10326,10530,9638,8477,10000,4.56
消费龙头ETF,516130,0.831,9976,10027,行业，消费,0.60%,华宝基金,2021-10-13,消费龙头指数,708.96,10440,9800,9316,10000,10000,0.812
光伏ETF平安,516180,0.954,9948,10016,主题，光伏，新兴产业,0.60%,平安基金,2021-03-03,光伏产业指数,656.2,9695,8435,6868,10000,10000,1.08
光伏ETF华安,159618,0.925,9968,10011,主题，光伏，新兴产业,0.60%,华安基金,2022-04-22,光伏产业指数,668.03,9706,8371,6811,10000,10000,2.29
新能源主题ETF,516580,0.658,10000,10022,主题，新兴产业，新能源,0.60%,博时基金,2021-07-26,中证新能指数,746.37,10015,8579,6667,10000,10000,1.31
智能电车ETF泰康,159720,0.708,9930,9976,主题，智能汽车,0.60%,泰康资产,2021-07-20,智能电车指数,731.98,10129,9944,7629,10000,10000,0.811
双创50ETF基金,588350,0.869,10000,9982,宽基，中小盘,0.60%,鹏扬基金,2022-11-10,科创创业50指数,718.82,10046,9344,10000,10000,10000,17.7
中概互联网港股ETF,513040,1.088,10009,10000,跨境，香港，互联网,0.60%,易方达基金,2023-06-12,HKC互联网指数,712.46,11125,10000,10000,10000,10000,2.51
品牌消费ETF,517880,0.855,10000,10028,跨境，香港，消费,0.60%,华泰柏瑞基金,2021-12-01,SHS品牌消费50人民币指数,741.02,10465,10478,10491,10000,10000,0.489
成渝经济圈ETF,159623,0.889,9955,10020,主题，区域，成渝,0.45%,博时基金,2022-09-09,成渝经济圈指数,739.34,10277,10125,10000,10000,10000,33.54
疫苗指数ETF,159645,0.899,10274,10030,行业，医药，生物科技,0.60%,富国基金,2022-09-26,疫苗生科指数,738.89,10274,8394,10000,10000,10000,0.28
碳中和60指数ETF,560960,0.904,9956,10000,主题，环保，新兴产业,0.40%,上投摩根基金,2023-01-13,碳中和60指数,713.58,10226,10000,10000,10000,10000,0.449
800价值ETF,560030,1.06,9972,10000,,0.60%,汇添富基金,2023-07-10,800价值指数,672.23,10000,10000,10000,10000,10000,4.82
电信ETF,563010,0.995,9842,10000,,0.60%,易方达基金,2023-07-13,中证电信指数,689.83,10000,10000,10000,10000,10000,2.54
中证消费ETF,159689,0.933,10000,9994,行业，消费，必选消费,0.60%,南方基金,2023-03-13,中证消费指数,631.2,10578,10000,10000,10000,10000,0.654
300ETF天弘,515330,1.083,9982,10014,宽基，大盘股,0.60%,天弘基金,2019-12-26,沪深300指数,577.74,10454,10444,9783,8958,10000,69.34
中证500增强ETF,159678,0.953,9917,9995,宽基，中小盘,0.60%,博时基金,2023-02-27,中证500指数,614.73,9979,10000,10000,10000,10000,1.79
H股ETF,159954,0.729,9986,10000,跨境，香港，中概股,0.60%,南方基金,2018-03-15,恒生中国企业指数,550.2,10611,10097,10504,7523,7492,2.27
中银中证100ETF,515670,1.017,9971,10002,宽基，大盘股,0.54%,中银基金,2020-05-20,中证100指数,606.55,10409,10367,9631,8648,10000,0.902
一带一路ETF,515150,1.265,9914,10000,主题，国企，一带一路,0.20%,富国基金,2020-01-15,国企带路指数,562.58,10080,11335,10550,12234,10000,7.34
生物科技ETF招商,159849,0.554,10203,9993,主题，新兴产业，生物科技,0.60%,招商基金,2021-03-02,中证生科指数,622.34,10091,8724,8183,10000,10000,0.92
消费服务ETF,516600,0.635,10016,9995,主题，消费服务,0.52%,工银瑞信基金,2021-02-26,消费服务全收益指数,609.33,10444,9922,9799,10000,10000,1.04
主要消费ETF,159672,0.938,10032,10050,行业，消费，必选消费,0.60%,博时基金,2023-04-03,中证消费指数,471.55,10635,10000,10000,10000,10000,1.09
鹏华沪深300ETF,159673,1.03,9971,10000,宽基，大盘股,0.60%,鹏华基金,2023-07-17,沪深300指数,457.12,10000,10000,10000,10000,10000,2.97
中证500ETF天弘,159820,0.984,9919,9996,宽基，中小盘,0.60%,天弘基金,2020-08-24,中证500指数,531.48,10123,10424,9733,10000,10000,22.78
MSCIA股ETF,512990,1.566,9962,9990,MSCI,0.60%,华夏基金,2015-03-25,MSCI中国A股国际通指数,493.73,10385,10262,9655,9968,16111,3.73
深100ETF招商,159975,0.588,10000,10005,宽基，大盘股,0.30%,招商基金,2020-01-02,深证100指数,548.57,10352,10068,9159,9611,10000,0.786
金融ETF,159931,1.583,9987,9977,行业，金融，房地产,0.60%,汇添富基金,2013-09-16,中证金融指数,508.57,11062,10940,11323,8883,10646,0.611
中证100ETF基金,159630,1.093,9964,9993,宽基，大盘股,0.20%,汇添富基金,2022-11-01,中证100指数,458.6,10419,10331,10000,10000,10000,1.34
标普500ETF基金,513650,1.166,10000,10000,跨境，美国,0.75%,南方基金,2023-04-04,标准普尔500指数,452.43,10139,10000,10000,10000,10000,4.08
生物科技ETF,516500,0.678,10180,9987,主题，新兴产业，生物科技,0.60%,华夏基金,2021-03-17,中证生科指数,482.94,10089,8748,8120,10000,10000,1.06
智能汽车ETF,159889,0.888,9867,9998,主题，智能汽车,0.60%,国泰基金,2021-09-09,CS智汽车指数,515.55,9748,11654,8889,10000,10000,0.737
创新药产业ETF,516060,0.561,10219,9990,行业，医药,0.52%,工银瑞信基金,2021-03-01,CS创新药指数,462.26,10000,8779,8250,10000,10000,1.21
创新药50ETF,159835,0.642,10305,10042,行业，医药,0.60%,建信基金,2021-03-29,CS创新药指数,548.4,10031,8795,8241,10000,10000,0.977
碳中和ETF基金,159885,0.734,9973,9991,主题，低碳,0.60%,鹏华基金,2021-04-14,内地低碳指数,485.45,10209,9164,7369,10000,10000,4.69
碳中和ETF泰康,560560,0.695,10000,10018,主题，低碳,0.60%,泰康资产,2021-09-13,内地低碳指数,538.14,10221,9085,7277,10000,10000,1.06
新材料ETF,159703,0.801,10000,10009,主题，新兴产业，新材料,0.60%,天弘基金,2021-06-08,新材料指数,475.81,10416,9424,7216,10000,10000,0.659
中证500成长ETF,159606,0.811,9963,9996,策略，价值，成长,0.60%,易方达基金,2021-12-29,500质量指数,526.72,10025,9701,8796,10000,10000,5.41
物联网沪港深ETF,517660,0.852,9861,9998,跨境，香港，物联网,0.60%,天弘基金,2021-10-25,SHS物联网指数,466.32,10277,11623,10532,10000,10000,0.319
香港科技ETF,513560,0.979,9959,10000,跨境，香港，科技,0.60%,兴银基金,2023-02-13,HKC科技港币指数,517.12,10794,10000,10000,10000,10000,2.19
碳中和ETF,560060,0.812,9963,9991,主题，环保，新兴产业,0.60%,汇添富基金,2022-07-21,SEEE碳中和指数,503.07,10410,10074,8565,10000,10000,4.02
生物疫苗ETF,159657,0.833,10208,9980,行业，医药，生物科技,0.60%,鹏华基金,2023-03-13,疫苗生科指数,489.44,10284,10000,10000,10000,10000,2.95
交通运输ETF,159666,0.96,9979,10000,主题，运输,0.60%,华夏基金,2023-02-13,运输指数,470.5,10116,10000,10000,10000,10000,1.14
工业有色ETF,560860,0.902,9934,10008,,0.60%,万家基金,2023-03-13,工业有色指数,481.94,10089,10000,10000,10000,10000,3.13
中证500ETF平安,510590,6.292,9924,10004,宽基，中小盘,0.60%,平安基金,2018-05-04,中证500指数,367.68,10119,10419,9738,9788,13949,7.65
中证500ETF增强,563030,0.979,9939,10020,宽基，中小盘,0.60%,易方达基金,2023-03-13,中证500指数,418.96,10082,10000,10000,10000,10000,4.18
申万上证50ETF,510600,3.291,10003,10011,宽基，大盘股,0.60%,申万菱信基金,2018-09-20,上证50指数,439.28,10654,10208,9833,9185,10000,0.485
超大盘ETF,510020,2.897,10010,10021,宽基，大盘股,0.60%,博时基金,2010-03-19,超大盘指数,397.63,10750,10056,9804,8563,11414,1.01
100ETF,159627,1.052,9991,9988,宽基，大盘股,0.60%,华夏基金,2022-11-30,中证100指数,399.77,10426,10263,10000,10000,10000,2.27
创新100ETF,515200,1.668,9911,10003,主题，新兴产业，科技,0.60%,申万菱信基金,2019-11-15,创新100指数,362.3,9720,10477,9429,10233,10000,2.0
智能车ETF基金,159795,0.873,9853,10019,主题，智能汽车,0.20%,汇添富基金,2022-02-14,CS智汽车指数,383.21,9787,11625,8845,10000,10000,0.669
MSCIESGETF,159621,0.981,9959,10000,主题，ESG,0.60%,国泰基金,2022-09-09,MSCI中国A股人民币指数,350.5,10359,10219,10000,10000,10000,0.508
新经济ETF,159822,0.655,9909,10000,跨境，新兴产业,0.35%,银华基金,2020-10-23,标普新中国行业指数,378.77,10599,9970,10124,10000,10000,1.88
科创50ETF华安,588280,0.695,9929,10017,宽基，中小盘，科创板,0.60%,华安基金,2021-10-29,科创50指数,417.52,9653,9971,8225,10000,10000,1.69
信息安全ETF,562920,0.969,9908,10000,主题，信息安全,0.60%,易方达基金,2023-06-12,信息安全指数,377.92,9918,10000,10000,10000,10000,2.43
医疗ETF基金,159891,0.532,10095,9998,行业，医药，医疗保健,0.60%,建信基金,2021-06-15,医疗保健指数,375.2,9638,8664,8553,10000,10000,1.29
物联网ETF招商,159701,0.768,9821,9990,主题，物联网,0.60%,招商基金,2021-12-23,CS物联网指数,423.24,9685,10847,9834,10000,10000,0.296
ESGETF,516720,0.867,9954,9982,主题，ESG,0.60%,浦银安盛基金,2021-08-13,ESG120策略指数,421.51,10471,10586,10081,10000,10000,0.515
消费电子50ETF,562950,0.709,9847,10004,主题，消费电子,0.20%,易方达基金,2022-01-20,消费电子指数,379.7,9806,10858,9032,10000,10000,0.803
运输ETF,159683,0.967,9969,9989,主题，运输,0.60%,嘉实基金,2023-01-09,内地运输指数,406.62,10094,10000,10000,10000,10000,0.666
港股金融ETF,513140,1.0,9960,10000,跨境，香港,0.60%,华泰柏瑞基金,2023-01-12,H300金融服务港币指数,420.7,10173,10000,10000,10000,10000,0.452
沪深300ETF平安,510390,4.18,9964,10012,宽基，大盘股,0.60%,平安基金,2018-01-26,沪深300指数,293.11,10450,10447,9821,9210,13796,6.06
500指数增强ETF,561950,0.946,9927,10000,宽基，中小盘,0.60%,招商基金,2023-04-24,中证500指数,258.67,10000,10000,10000,10000,10000,2.29
创业板ETF华夏,159957,1.426,10000,10022,宽基，中小盘,0.60%,华夏基金,2018-01-04,创业板指,296.99,10289,9577,8433,8690,16796,4.71
景顺MSCIA股ETF,512280,1.471,9939,10000,MSCI,0.60%,景顺长城基金,2018-05-25,MSCI中国A股国际通指数,300.83,10374,10166,9515,10800,16697,0.597
深证成指ETF,159943,1.141,9991,10027,宽基，综合,0.60%,大成基金,2015-07-08,深证成指,310.44,10169,10124,9135,9057,14407,1.08
上证50ETF华安,510190,3.61,9978,10049,宽基，大盘股,0.20%,华安基金,2011-01-10,上证龙头指数,263.3,10618,10371,10059,8653,11759,0.751
深成长龙头ETF,159906,0.968,9979,10030,策略，成长,0.60%,大成基金,2011-02-23,成长40指数,318.64,10010,9030,7889,6221,10768,1.01
科技ETF基金,515860,1.191,9917,9985,主题，新兴产业，科技,0.60%,嘉实基金,2019-10-22,新兴科技100指数,290.66,9738,11079,10402,7774,10000,2.15
创新药企ETF,560900,0.879,10233,9997,行业，医药,0.40%,上投摩根基金,2022-06-02,CS创新药指数,332.18,10023,8729,8207,10000,10000,2.03
生物医药ETF华安,159508,1.038,10237,10000,行业，医药，生物科技,0.60%,华安基金,2023-07-14,生物医药指数,340.69,10000,10000,10000,10000,10000,2.78
软件30ETF,562930,0.967,9918,10000,主题，新兴产业，软件,0.60%,易方达基金,2023-06-05,软件服务指数,269.47,9908,10000,10000,10000,10000,2.96
沪港深500ETF,517000,0.761,9974,9989,宽基，大盘股,0.60%,银华基金,2021-03-05,沪港深500人民币指数,289.45,10382,10284,10026,10000,10000,4.89
化工产业ETF,516690,0.679,9985,9995,行业，化工,0.60%,银华基金,2021-12-21,细分化工指数,294.65,10478,9276,7886,10000,10000,0.504
医疗产业ETF,159877,0.702,10115,9977,行业，医药，医疗保健,0.60%,南方基金,2021-11-03,医疗保健指数,281.56,9603,8688,8582,10000,10000,0.867
机械ETF,516960,0.906,9978,10026,行业，机械,0.60%,国泰基金,2021-05-07,细分机械指数,309.79,10191,9350,7770,10000,10000,0.743
电池龙头ETF,159767,0.663,9970,10006,主题，新兴产业，新能源车，电池,0.60%,兴银基金,2021-08-23,新能电池指数,312.11,10184,9247,6972,10000,10000,1.68
消费电子50ETF,159733,0.755,9856,10010,主题，消费电子,0.60%,景顺长城基金,2021-09-29,消费电子指数,302.68,9755,10786,8956,10000,10000,0.314
消费电子ETF基金,159779,0.671,9868,10011,主题，消费电子,0.60%,招商基金,2021-11-26,消费电子指数,314.43,9781,10805,9019,10000,10000,0.959
张江ETF,517850,0.879,9955,10038,跨境，香港，科技,0.20%,汇添富基金,2022-05-16,SHS张江50指数,293.56,9723,9876,8192,10000,10000,1.94
消费ETF基金,159670,1.011,9990,10000,行业，消费,0.60%,国联安基金,2023-05-09,CS消费50指数,313.98,10498,10000,10000,10000,10000,0.539
500价值ETF,159617,1.098,9937,9979,策略，价值，低波动,0.60%,华夏基金,2022-06-30,500价值稳健指数,269.88,10281,11438,11438,10000,10000,0.538
创业板ETF工银,159958,1.306,10031,10026,宽基，中小盘,0.60%,工银瑞信基金,2018-01-19,创业板指,230.04,10300,9568,8388,8168,15603,2.06
浦银创业板ETF,159810,0.882,9989,9996,宽基，中小盘,0.20%,浦银安盛基金,2020-07-10,创业板指,236.13,10244,9515,8376,8368,10000,0.707
基本面120ETF,159910,2.16,10000,10015,策略，价值,0.60%,嘉实基金,2011-09-27,深证F120指数,153.65,10557,10773,10496,9574,14714,3.49
A50ETF,512150,1.555,10000,9989,宽基，大盘股,0.60%,汇安基金,2019-01-21,富时中国A50指数,158.3,10680,10339,10111,10071,10000,0.628
中证100ETF易方达,159686,1.023,9980,10000,宽基，大盘股,0.60%,易方达基金,2023-07-19,中证100指数,191.79,10000,10000,10000,10000,10000,2.96
标普ETF,159655,1.177,10000,10000,跨境，美国,0.75%,华夏基金,2022-10-25,标准普尔500指数,176.01,10182,12197,10000,10000,10000,0.522
创业板ETF富国,159971,1.523,10000,10010,宽基，中小盘,0.40%,富国基金,2019-07-02,创业板R指数,194.07,10256,9531,8405,8080,10000,0.242
创业板ETF融通,159808,0.836,9988,9995,宽基，中小盘,0.40%,融通基金,2020-09-04,创业板R指数,169.74,10245,9511,8335,10000,10000,0.861
信息科技ETF,512330,0.945,9854,10001,行业，信息技术,0.60%,南方基金,2015-07-20,500信息指数,165.17,9742,11358,9854,7584,14275,4.98
生物科技ETF基金,516930,0.551,10204,9990,主题，新兴产业，生物科技,0.60%,民生加银基金,2021-08-18,中证生科指数,232.53,10110,8718,8103,10000,10000,0.476
食品ETF,159862,0.854,10000,9996,行业，食品饮料,0.60%,银华基金,2021-11-08,细分食品指数,190.44,10662,9574,9478,10000,10000,0.468
港股通50ETF,159712,0.917,9967,10000,跨境，香港,0.60%,国泰基金,2021-11-11,港股通50港元指数,170.14,10292,10155,10468,10000,10000,0.641
港股通ETF,159711,0.979,9980,10000,跨境，香港,0.60%,华夏基金,2021-12-28,港股通50港元指数,230.27,10404,10273,10618,10000,10000,0.292
AH500ETF,517100,0.767,9974,9996,宽基，大盘股,0.60%,富国基金,2021-03-02,中证沪港深500交易型开放式指数,164.4,10393,10323,10066,10000,10000,3.43
互联网ETF,517200,0.626,9937,10005,主题，互联网,0.60%,嘉实基金,2021-02-08,SHS互联网人民币指数,247.77,10556,11259,11465,10000,10000,1.52
沪港深300ETF,517300,0.727,9959,9985,宽基，大盘股,0.60%,国寿安保基金,2021-02-24,沪港深300指数,241.48,10415,10327,9959,10000,10000,20.28
有色龙头ETF,159876,1.131,9912,10009,行业，资源，有色金属,0.60%,华宝基金,2021-03-24,中证有色指数,182.32,10310,10272,8667,10000,10000,0.523
碳中和ETF基金,562300,0.702,9957,10024,主题，低碳,0.60%,银华基金,2022-01-05,内地低碳指数,213.71,10203,9046,7320,10000,10000,1.12
科技龙头ETF,159723,0.725,9986,9981,主题，新兴产业，科技,0.20%,汇添富基金,2021-10-15,SHS科技龙头指数,245.36,10211,10226,9851,10000,10000,0.536
新材料50ETF,516710,0.649,10000,9996,主题，新兴产业，新材料,0.60%,华夏基金,2021-08-17,新材料指数,206.86,10417,9433,7292,10000,10000,1.15
核心50ETF,560650,0.97,9959,10003,主题，ESG,0.60%,民生加银基金,2022-06-27,企业核心竞争力50指数,189.93,10221,10319,9838,10000,10000,0.179
双创龙头ETF,159603,0.866,10000,9987,宽基，中小盘,0.60%,天弘基金,2022-06-08,科创创业50指数,205.33,10046,9332,8359,10000,10000,19.92
消费电子ETF,561600,0.727,9838,10001,主题，消费电子,0.60%,平安基金,2021-09-09,消费电子指数,228.07,9785,10691,8888,10000,10000,0.633
消费TOPETF,517760,0.95,10011,10002,跨境，香港，消费,0.60%,浦银安盛基金,2022-04-19,SHS消费龙头人民币指数,162.04,10567,9397,9350,10000,10000,0.074
上证380ETF,510290,2.02,9941,9990,宽基，中小盘,0.60%,南方基金,2011-11-08,上证380指数,78.23,10135,10280,9501,10354,15257,1.65
上证50ETF基金,510680,2.648,9992,10010,宽基，大盘股,0.60%,万家基金,2013-12-02,上证50指数,131.61,10617,10196,9822,9100,12380,0.309
MSCIETF,512520,1.183,9950,9980,MSCI,0.20%,华泰柏瑞基金,2018-05-18,MSCI中国A股国际通指数,78.51,10377,10305,9705,10019,17053,1.1
深F60ETF,159916,4.799,10008,10035,策略，价值,0.60%,建信基金,2011-10-24,深证F60指数,57.64,10589,10646,10499,9830,15020,3.5
中盘ETF,510130,5.61,9884,9986,宽基，大盘股,0.60%,易方达基金,2010-06-23,上证中盘指数,97.84,10331,10881,10354,11129,16228,2.24
平安创业板ETF,159964,1.405,10000,10006,宽基，中小盘,0.20%,平安基金,2019-04-19,创业板R指数,89.84,10270,9545,8314,8562,10000,4.46
国企ETF,510270,1.298,9962,9984,主题，国企,0.60%,中银基金,2011-08-18,上证国企指数,133.73,10587,10754,10683,10409,12928,0.229
深300ETF,159912,1.495,9947,10009,宽基，大盘股,0.60%,汇添富基金,2011-11-24,深证300指数,76.34,10184,9993,9094,8214,12376,0.868
民企ETF,159973,1.359,9978,10003,主题，民企,0.50%,弘毅远方基金,2019-08-09,民企100指数,55.82,10233,9819,8684,7855,10000,5.04
湾创ETF,159976,1.014,9941,9986,主题，区域，大湾区,0.30%,工银瑞信基金,2020-01-17,湾创100指数,143.93,10294,10253,10160,8291,10000,1.05
500等权ETF,515590,1.482,9946,10006,宽基，中小盘,0.20%,前海开源基金,2020-01-20,500等权指数,91.94,10130,10662,10235,10624,10000,0.382
浙江国资ETF,515760,1.133,9947,9984,主题，区域，浙江,0.50%,华夏基金,2020-10-12,浙江国资指数,105.24,10423,10873,10719,10000,10000,2.19
互联网ETF,159729,0.722,9931,9957,主题，新兴产业，互联网,0.20%,汇添富基金,2021-07-21,SHS互联网人民币指数,85.07,10479,11176,11479,10000,10000,1.14
沪港深500ETF指数,517010,0.86,9977,10008,宽基，大盘股,0.20%,易方达基金,2021-08-12,沪港深500人民币指数,106.8,10386,10312,10130,10000,10000,0.479
创300ETF,159836,0.813,9963,9990,宽基，中小盘,0.60%,天弘基金,2021-05-25,创业300指数,118.1,10099,9951,8733,10000,10000,0.723
智能电动车ETF,516380,0.823,9952,9996,主题，智能汽车,0.60%,华宝基金,2021-06-18,智能电车指数,76.7,10160,10000,7670,10000,10000,1.48
中概科技ETF,517350,0.628,10016,10043,主题，新兴产业，科技,0.60%,广发基金,2021-06-03,SHS科技龙头指数,66.96,10245,10261,9797,10000,10000,1.16
沪港深科技TOPETF,517270,0.784,9975,9960,主题，新兴产业，科技,0.60%,浦银安盛基金,2022-01-12,SHS科技龙头指数,117.49,10195,10275,9788,10000,10000,0.191
物流快递ETF,516530,0.857,9954,9974,行业，物流,0.60%,银华基金,2022-01-17,CS物流指数,139.72,10202,9586,9407,10000,10000,0.879
新材料ETF平安,516890,0.676,10000,9996,主题，新兴产业，新材料,0.60%,平安基金,2021-07-28,新材料指数,86.89,10481,9311,7261,10000,10000,0.398
沪港深科技ETF,517360,0.804,9926,9978,主题，新兴产业，科技,0.60%,华安基金,2021-07-05,SHS科技100人民币指数,140.87,10037,11213,10850,10000,10000,0.597
石化ETF,159731,0.743,9973,9979,行业，化工，石油化工,0.60%,华夏基金,2021-12-10,石化产业指数,61.22,10465,9815,8501,10000,10000,0.48
深创龙头ETF,159721,0.74,9933,10002,主题，新兴产业，科技,0.20%,永赢基金,2021-06-25,深创100指数,107.23,10068,10408,9320,10000,10000,0.681
深创100ETF,159716,0.752,9934,9995,主题，新兴产业，科技,0.60%,华宝基金,2021-06-28,深创100指数,104.25,10080,10401,9365,10000,10000,1.27
300ESGETF,159791,0.923,9989,10006,主题，ESG,0.60%,华夏基金,2022-03-08,300ESG指数,80.26,10453,10429,9767,10000,10000,0.169
新能源车电池ETF,159775,0.689,9971,9992,主题，新兴产业，新能源车,0.60%,建信基金,2022-01-24,新能电池指数,133.38,10103,9162,6856,10000,10000,0.897
漂亮50ETF,561500,0.76,9948,9994,主题，ESG,0.60%,华泰柏瑞基金,2021-06-28,企业核心竞争力50指数,57.54,10229,10411,10066,10000,10000,0.813
双创50增强ETF,588320,0.889,10000,9990,宽基，中小盘,0.55%,广发基金,2023-01-06,科创创业50指数,51.27,9989,10000,10000,10000,10000,0.162
G60创新ETF,510770,0.68,9956,10072,主题，区域,0.60%,申万菱信基金,2021-09-28,G60成指,56.51,9841,9177,7870,10000,10000,0.301
ESG300ETF,159653,0.986,9970,9987,主题，ESG,0.56%,国联安基金,2023-03-24,ESG300指数,121.13,10357,10000,10000,10000,10000,0.594
湖北ETF,159743,0.874,9865,9997,主题，区域,0.60%,博时基金,2022-01-11,湖北指数,73.92,9647,11105,9787,10000,10000,1.57
云计算ETF沪港深,159738,1.018,9788,10018,跨境，香港，云计算,0.60%,华泰柏瑞基金,2022-01-28,SHS云计算人民币指数,104.58,9723,12295,12789,10000,10000,0.228
上海金ETF基金,159831,4.471,9987,10000,商品，黄金,0.60%,嘉实基金,2022-04-07,上海金,111.24,10111,10980,11568,10000,10000,0.361
500成长ETF,159620,0.922,9946,9991,策略，成长，价值,0.60%,华夏基金,2022-08-05,500成长创新指数,102.49,9840,9946,9004,10000,10000,0.314
国寿300ETF,510380,1.108,9982,10011,宽基，大盘股,0.60%,国寿安保基金,2018-02-07,沪深300指数,7.31,10365,10522,9788,9082,13005,11.24
方正沪深300ETF,515360,5.19,9983,9990,宽基，大盘股,0.60%,方正富邦基金,2019-11-01,沪深300指数,25.33,10409,10436,9843,10335,10000,1.56
国联安沪深300ETF,515660,4.617,9918,10027,宽基，大盘股,0.35%,国联安基金,2019-12-24,沪深300指数,19.32,10389,10498,9895,9403,10000,7.84
300指数ETF,510370,0.86,9942,10023,宽基，大盘股,0.60%,兴业基金,2020-10-27,沪深300指数,26.88,10462,10424,9729,10000,10000,0.522
平安MSCI国际ETF,512360,1.516,9993,10008,MSCI,0.60%,平安基金,2018-07-20,MSCI中国A股国际指数,3.72,10327,10209,9499,10134,16460,0.797
方正中证500ETF,510550,1.5,9927,9983,宽基，中小盘,0.60%,方正富邦基金,2019-01-16,中证500指数,6.16,10094,10373,9628,9248,10000,0.205
景顺中证500ETF,159935,1.859,9915,9999,宽基，中小盘,0.60%,景顺长城基金,2014-01-21,中证500指数,33.67,10103,10339,9743,9936,13956,0.565
国寿500ETF,510560,1.371,9964,10063,宽基，中小盘,0.60%,国寿安保基金,2015-07-03,中证500指数,5.1,10141,10434,9737,9547,12590,1.9
中融中证500ETF,515550,1.292,9938,9938,宽基，中小盘,0.40%,中融基金,2019-12-25,中证500指数,4.4,10141,10157,9592,9599,10000,0.327
中银证券500ETF,515190,1.231,10041,10031,宽基，中小盘,0.20%,中银证券,2020-05-27,中证500指数,4.47,10190,10397,9824,9610,10000,0.628
兴业中证500ETF,510570,0.918,9924,9973,宽基，中小盘,0.60%,兴业基金,2020-08-12,中证500指数,1.63,10121,10396,9808,10000,10000,0.554
180治理ETF,510010,1.479,10061,9979,主题，ESG,0.60%,交银施罗德基金,2009-12-15,180治理指数,2.04,10595,10899,11021,11196,14359,2.27
产业升级ETF,510160,0.771,9948,9979,主题，产业升级,0.60%,南方基金,2010-11-01,小康指数,43.0,10518,11206,11126,11991,14714,2.58
中创400ETF,159918,1.843,9893,9966,宽基，中小盘,0.60%,嘉实基金,2012-05-11,中创400指数,34.84,9829,10412,9549,8848,13307,0.642
创业板ETF建信,159956,1.357,9978,9968,宽基，中小盘,0.60%,建信基金,2018-03-07,创业板指,18.91,10242,9516,8524,8627,16232,0.878
BOCI创业板ETF,159821,0.818,9976,9935,宽基，中小盘,0.20%,中银证券,2020-10-29,创业板指,12.19,10238,9490,8296,10000,10000,0.237
MSCIA股ETF基金,512180,1.41,9979,10008,MSCI,0.60%,建信基金,2018-05-21,MSCI中国A股国际通指数,49.84,10322,10195,9566,10391,16023,1.31
深100ETF方正富邦,159961,1.736,9948,10010,宽基，大盘股,0.60%,方正富邦基金,2018-12-19,深证100指数,4.51,10321,10017,9094,8830,10000,5.44
深100ETF银华,159969,1.252,9968,10000,宽基，大盘股,0.30%,银华基金,2019-08-28,深证100指数,38.05,10296,9952,9001,8437,10000,0.232
中证100ETF,159923,1.73,9965,9937,宽基，大盘股,0.60%,大成基金,2013-03-05,中证100指数,4.87,10384,10255,9516,8646,12073,0.207
ESG建信ETF,510090,2.377,9987,10032,主题，ESG,0.60%,建信基金,2010-08-09,责任指数,1.93,10030,10650,10616,11097,16104,0.753
平安MSCI低波ETF,512390,1.237,10032,10000,MSCI，策略，低波动,0.60%,平安基金,2018-07-13,MSCI中国A股低波指数,3.48,10156,10098,9992,10242,15232,2.31
深价值ETF,159913,2.084,9910,9990,策略，价值,0.60%,交银施罗德基金,2011-10-25,深证价值指数,11.5,10206,11156,11056,9329,13541,0.49
国投金融地产ETF,159933,2.37,9975,9972,行业，金融，房地产,0.73%,国投瑞银基金,2013-10-16,300金融指数,8.72,10927,10998,11405,10051,13330,1.43
大湾区ETF,512970,1.166,9983,9965,主题，区域，大湾区,0.20%,平安基金,2019-11-11,大湾区指数,13.77,10130,10060,9636,8874,10000,0.732
深100ETF工银,159970,4.953,9980,9986,宽基，大盘股,0.55%,工银瑞信基金,2020-01-10,深证100R指数,25.03,10270,9950,9050,8436,10000,0.231
浦银MSCI中国ETF,515780,1.331,9970,10000,MSCI,0.20%,浦银安盛基金,2020-05-29,MSCI中国A股人民币指数,20.05,10318,10053,9321,10423,10000,0.23
工银MSCI中国ETF,512320,0.899,10000,10000,MSCI,0.60%,工银瑞信基金,2020-08-07,MSCI中国A股人民币指数,0.8242,10381,10135,9404,8990,10000,0.278
沪港深300ETF基金,517030,0.88,9966,9997,宽基，大盘股,0.20%,易方达基金,2021-09-27,沪港深300指数,48.77,10439,10365,9921,10000,10000,0.382
沪港深ETF,517170,0.786,9975,10004,宽基，大盘股,0.60%,华夏基金,2021-04-20,沪港深500人民币指数,36.13,10383,10221,9924,10000,10000,0.392
物联网ETF,516330,0.958,9846,9991,主题，物联网,0.60%,华泰柏瑞基金,2021-04-09,CS物联网指数,24.14,9706,11487,9866,10000,10000,0.506
物联网50ETF,516260,0.797,9864,10012,主题，物联网,0.60%,华夏基金,2021-08-02,CS物联网指数,48.91,9767,11635,9987,10000,10000,1.13
智能电车ETF,159710,0.68,9942,9975,主题，智能汽车,0.60%,建信基金,2021-08-09,智能电车指数,46.76,10134,9927,7572,10000,10000,0.501
智慧电车ETF,560000,0.736,9959,10014,主题，智能汽车,0.60%,浦银安盛基金,2021-09-30,智能电车指数,46.21,10166,9959,7619,10000,10000,0.516
新材料ETF基金,516480,0.781,9949,9951,主题，新兴产业，新材料,0.60%,国联安基金,2021-06-11,新材料指数,12.56,10331,9353,7238,10000,10000,0.173
新材料ETF基金,159763,0.633,9969,9968,主题，新兴产业，新材料,0.60%,建信基金,2021-09-13,新材料指数,44.69,10360,9336,7276,10000,10000,0.906
物联网ETF工银,159709,0.836,9847,9973,行业，TMT，物联网,0.52%,工银瑞信基金,2021-07-02,物联网50指数,13.97,9587,11926,10170,10000,10000,1.1
科技AHETF,517960,0.894,9889,9991,主题，新兴产业，科技,0.40%,上投摩根基金,2021-12-23,SHS科技100人民币指数,42.57,10068,11106,10810,10000,10000,1.87
双创ETF基金,588310,0.638,10016,9987,宽基，中小盘,0.60%,方正富邦基金,2021-12-02,科创创业50指数,23.86,10031,9327,8417,10000,10000,0.454
消费电子龙头ETF,159769,0.769,9834,9991,主题，消费电子,0.60%,银华基金,2022-03-03,消费电子指数,35.41,9771,10770,8931,10000,10000,0.377
ESGETF,159717,0.884,10000,9984,主题，ESG,0.60%,鹏华基金,2021-09-29,ESG300指数,7.15,10388,10315,9855,10000,10000,0.537
创科技ETF,159777,0.707,9930,9954,主题，新兴产业，科技,0.60%,国联安基金,2021-10-18,创科技指数,28.88,9874,9632,8995,10000,10000,0.105
长江保护主题ETF,517160,0.746,9947,9975,主题，环保,0.20%,南方基金,2022-01-05,长江保护指数,37.79,10150,9973,9010,10000,10000,16.27
长江保护ETF,517330,0.751,9973,9987,主题，环保,0.20%,易方达基金,2022-01-05,长江保护指数,34.73,10176,10013,9016,10000,10000,15.85
线上消费ETF平安,159793,0.869,9931,9966,跨境，香港，消费,0.60%,平安基金,2021-11-24,SHS线上消费人民币指数,22.22,10272,11184,11510,10000,10000,0.452
工业互联ETF,159778,0.855,9850,9993,主题，工业4.0，工业互联网,0.60%,鹏华基金,2022-02-17,工业互联指数,23.42,9907,11220,9293,10000,10000,0.526
矿业ETF,159690,1.04,9914,10000,行业，资源，有色金属,0.60%,招商基金,2023-07-06,有色矿业指数,18.06,10317,10000,10000,10000,10000,2.75
